gdp_rank,gdp_rank,gdp_rank.2,gdp_rank.1,civilization_id,name,gdp,gdp_growth,treasury,inflation_rate,exchange_rate
1,1,2,2,cb312b9d86,Aurelex Directorate,46035.71,-0.0002,0.0,0.8115207209822768,0.161
2,2,1,1,30e300e760,Scientific Sagittariite Union,44747.08,0.0,4946.974507629124,1.2112739098246224,5.37
3,3,3,3,2f0954acad,Scientific Aethelgardian Union,43560.92,-0.0,0.0,1.2118848608214143,4.511
4,4,4,4,b2c9872c2d,Unified Sagittariite Council,43445.07,-0.0,3852.364656299531,1.2117381326251246,4.656
5,5,6,7,4164b650a3,Unified Zylarite Council,42258.96,0.0,0.0,1.2119084224411725,5.405
6,6,5,6,e12feef736,Scientific Kaeluman Union,42161.72,0.0,3604.381102609031,1.211758229952055,4.594
7,7,7,8,609e70586f,Scientific Kaeluman Union,41729.11,0.0653,5147.114251139862,0.801617396000922,0.127
8,8,10,12,ed45fe3a8d,Vesperari Directorate,41697.14,-0.0,0.0,1.211956529049011,5.405
9,9,8,5,4c2540c708,Unified Orionoid Council,41447.4,0.0002,0.0,0.8117856086863376,0.249
10,10,9,10,22091a7056,Scientific Zylaris Union,40975.43,0.0,0.0,1.2119364899487322,4.701
11,11,11,9,642e75a08d,Scientific Thranan Union,40675.56,0.0031,4192.118038433644,0.8110168810975322,0.149
12,12,12,13,24e153416d,Unified Aurelis Council,40450.6,-0.0,0.0,1.2119354008885614,4.723
13,13,21,22,4bf29f7756,Scientific Zylaroid Union,40373.85,0.0,0.0,1.2118739632863529,5.416
14,14,15,16,db90f4ff25,Unified Xenan Council,40295.93,0.0,0.0,1.211877047287659,5.414
15,15,16,17,28d83c4b42,Scientific Bulgite Union,40169.91,-0.0,2770.0679335500017,1.2118065893551455,5.408
16,16,13,14,fadaa4a404,Valian Directorate,40055.07,-0.0,0.0,1.211927432661792,5.409
17,17,17,11,e1c4b2ed14,Scientific Vesperan Union,40000.34,-0.0,0.0,1.2119271420386024,4.711
18,18,14,15,6edc6616b2,Scientific Galacticite Union,39973.66,-0.0,2578.517009100001,1.2118358765721042,4.317
19,19,19,19,5578b4053f,Unified Zylaris Council,39826.57,0.0,3299.563920067032,1.2117309197175363,5.409
20,20,22,23,494354518b,Unified Zylarite Council,39533.06,-0.0,0.0,1.211883395644963,4.744
21,21,18,18,da38a63176,Unified Orionis Council,39479.91,-0.0002,3934.707155387935,0.8101682737059663,1.22
22,22,20,20,e941b86692,Cygnite Commonwealth,39414.06,-0.0,3057.183380862499,1.2117673312030202,5.409
23,23,23,24,37270686ec,Scientific Bulgite Union,39166.69,-0.0002,0.0,0.4118763224684988,0.1
24,24,24,26,ebda9e7b67,Solite Directorate,39042.63,0.0,0.0,1.2119336739870936,5.424
25,25,25,27,fba15f0324,Unified Vesperoid Council,38968.34,0.0,3188.041331428669,1.2117379516122873,5.405
26,26,27,31,df2f64c1a1,Unified Valari Council,38698.39,-0.0,0.0,1.2119192822227849,4.768
27,27,28,32,d401178af2,Theta-orionis Commonwealth,38624.73,-0.0,0.0,1.2119286507358162,4.759
28,28,40,44,fc41667c54,Kaeluman Directorate,38608.88,0.0,0.0,1.2119236626457317,4.783
29,29,29,33,5d6505f12a,Unified Aurelis Council,38589.5,0.0005,3820.366215062996,0.8109490366033517,0.356
30,30,26,30,cd01ef6fd0,Scientific Merari Union,38456.88,0.0,3169.094480525411,1.2117275951428317,4.764
31,31,32,21,20af608f42,Consolidated Orionite Worlds,38419.92,-0.0001,3304.231416747941,0.8109695766020621,1.57
32,32,34,38,3c196b299c,Scientific Vesperari Union,38261.25,0.0,3762.203806515205,1.2115529395412363,5.298
33,33,44,49,be3191b575,Scientific Eta-galacticis Union,38190.75,-0.0006,0.0,0.8116872606193408,0.156
34,34,35,39,9594053f90,Scientific Galacticite Union,38136.91,0.0,0.0,1.211852576004496,5.296
35,35,30,36,dc0074adc3,Unified Valite Council,38110.33,-0.0,0.0,1.2118508919504771,4.771
36,36,31,37,b6d872712f,Scientific Persean Union,38102.85,-0.0,0.0,1.2119573278499172,5.436
37,37,36,40,4c3eb31272,Iota-sagittariis Directorate,38078.82,0.0,0.0,1.2119361608950256,4.726
38,38,37,28,4a7ef72f37,The Bulgite Federation,37984.34,-0.0004,1423.7512000000024,0.4116511568713381,0.132
39,39,33,25,8bc980ecf5,Unified Meris Council,37951.85,-0.0,0.0,1.2119502144148695,5.42
40,40,41,45,6957a14d13,Xenian Directorate,37737.47,0.0,0.0,1.211847374475122,5.46
41,41,42,29,176da50470,Unified Mu-perseis Council,37720.84,-0.0012,0.0,0.8113342591383206,0.179
42,42,38,42,33e625a829,Aureloid Directorate,37555.16,-0.0,0.0,1.2119560322495864,5.444
43,43,39,43,e23dc5e375,Republic of Galactician,37533.02,0.0,3342.7824522865017,1.2117159725571114,4.167
44,44,46,35,d07bc4ae63,Scientific Valian Union,37397.99,-0.0006,0.0,0.012,0.1
45,45,43,46,4e674c46b8,Aethelgardan Directorate,37325.51,-0.0,4153.577270948394,1.2108746192364206,5.321
46,46,47,50,53e4b98264,Unified Orionian Council,37230.52,-0.0,0.0,1.2119178920335436,4.8
47,47,45,34,3a3695c8e9,Consolidated Galactican Worlds,37067.34,-0.0005,0.0,0.4116647616795522,0.112
48,48,48,52,65154f1c30,Scientific Kaeluman Union,37045.05,0.0034,768.0320800000036,0.8108686819824847,0.183
49,49,49,55,7c40c9ebf8,Scientific Vesperian Union,36825.44,-0.0,0.0,1.2119307137960107,5.455
50,50,51,56,c3662e3808,Unified Sagittariite Council,36781.78,0.0008,3843.8284692369502,0.012,0.1
51,51,52,58,47e406daef,Bulgian Directorate,36638.68,-0.0,2363.1007873,1.211796447599368,5.454
52,52,50,41,17fee1a6ac,The Thranite Federation,36506.18,-0.0027,0.0,0.4117242608554539,0.1
53,53,55,60,1c4722b997,Unified Orionite Council,36460.46,-0.0003,0.0,0.8115041405167179,0.171
54,54,58,62,f7a8fcf1b2,Scientific Aurelari Union,36385.31,-0.0,0.0,1.2119327614070083,5.383
55,55,53,59,9eeb4737e9,Unified Merite Council,36147.89,0.0,0.0,1.211890071349644,4.82
56,56,54,47,82f9ee8fb4,The Valoid Federation,36144.29,-0.0006,2928.5186699365013,0.8106818920213287,0.159
57,57,56,61,7bf42c3a49,Sagittariite Directorate,36115.78,0.0016,3489.4961210572915,0.8100632272452305,0.141
58,58,57,48,b7f420628f,Consolidated Iota-perseis Worlds,36092.11,-0.003,0.0,0.012,0.1
59,59,59,51,373ea01e5c,Consolidated Zylaris Worlds,36022.16,-0.0004,2592.21456431,0.012,0.1
60,60,60,66,764f599826,Unified Solite Council,35982.11,-0.0009,0.0,0.8117246146948158,0.169
61,61,63,68,c8c30fa0a1,Orionan Directorate,35869.38,0.0,2024.765919999998,1.2117926314800924,4.833
62,62,72,76,762d1b3438,Unified Merian Council,35699.29,-0.0,0.0,1.2119534967473524,5.444
63,63,61,53,7652ec5c8d,Unified Theta-perseis Council,35605.06,-0.0,0.0,1.211912661246658,5.442
64,64,62,67,5087e1422a,Unified Zeloid Council,35584.35,0.0032,3994.8116619828206,0.8100298506143951,0.304
65,65,66,71,2d7a6c7193,Unified Omega-bulgis Council,35532.22,-0.0,0.0,1.2119423021360691,4.848
66,66,64,54,5b3c302325,Scientific Bulgian Union,35481.81,-0.0003,3647.208869191711,0.8096853398231316,0.804
67,67,67,72,9875fc03a4,Orionian Directorate,35400.57,0.0,0.0,1.2119372308572698,4.832
68,68,65,57,e6f9f9e411,Unified Kaelumex Council,35341.75,0.0,0.0,1.2119306606884426,4.584
69,69,68,63,a568c633c8,Aurelari Directorate,35244.56,0.0,3827.449344217938,0.8104263148049156,0.224
70,70,70,74,c235dc422c,Scientific Kaeluman Union,35086.63,-0.0008,0.0,0.4118833600252465,0.106
71,71,83,86,950050e41a,Zylarite Commonwealth,35066.87,-0.0,0.0,1.211927810876767,5.234
72,72,73,75,8c80ad65b6,Orionex Directorate,34975.83,0.0,2641.608964710499,1.211758148502773,4.374
73,73,84,87,e976b29c9d,Scientific Orionoid Union,34973.53,-0.0,0.0,1.2119309031384475,4.796
74,74,69,64,1bc76d1c73,Consolidated Orionis Worlds,34877.25,0.0009,0.0,0.4119870628690194,0.242
75,75,74,77,6d2f3e5ed1,Aurelari Directorate,34871.37,-0.0,3115.846235241121,1.2115620222336407,4.867
76,76,75,78,3b106fa102,Unified Perseian Council,34852.29,0.0,2971.684832955761,1.2116941120691125,4.341
77,77,76,69,23582772c8,Orionite Directorate,34822.68,-0.0,0.0,1.2119199879226563,4.841
78,78,71,65,4c224c8349,Vesperari Directorate,34762.67,-0.0003,0.0,0.4116026884313064,0.176
79,79,87,91,73573955bb,Orionite Directorate,34718.95,0.0,0.0,1.2119323946845422,4.828
80,80,77,80,a31575c86a,Unified Orionex Council,34671.02,-0.0,2566.541735072,1.2117560513201302,4.398
81,81,78,81,b7069c3852,Unified Orionex Council,34648.49,-0.0,0.0,1.211930649969896,4.844
82,82,80,70,185a68bac9,Scientific Solari Union,34508.37,0.0035,4014.108199967024,0.8093218035119448,0.145
83,83,81,83,66d46fcd47,Consolidated Orionite Worlds,34471.4,0.0017,2755.223117603872,0.4107767783258647,0.19
84,84,94,98,ad899b1ed9,The Meran Federation,34286.05,-0.0,2270.35401815,1.211775219480722,5.186
85,85,79,82,8dcb447d0f,Cygnian Directorate,34278.08,-0.0,0.0,1.2119244426461795,4.776
86,86,95,99,57f00e3f50,Unified Vesperite Council,34262.86,0.0186,3752.257352186162,1.2096463987784485,5.548
87,87,85,73,70a115d461,Consolidated Aurelite Worlds,34222.6,0.0056,0.0,0.8112851915217171,0.17
88,88,82,84,303a3df484,Unified Zelex Council,34160.29,0.0022,0.0,0.8117272996312112,0.155
89,89,89,94,8eadd942b0,Scientific Phi-perseis Union,33908.58,-0.0,0.0,1.2119302642180094,4.736
90,90,86,88,208f64f5f9,Scientific Sagittarian Union,33906.04,0.0,0.0,1.2118862585375418,5.332
91,91,98,101,575810e85b,Scientific Orionex Union,33897.21,-0.0,0.0,1.2119073756168457,4.91
92,92,91,95,38ade68c1e,Scientific Thranex Union,33691.25,0.0,0.0,1.2118984602984657,5.213
93,93,103,105,5a9f1f61c7,Scientific Merex Union,33660.53,-0.0,0.0,1.2119517138444342,5.535
94,94,92,96,8a41c4ac34,Valis Directorate,33656.9,0.0,2643.846238010502,1.211694272307784,4.713
95,95,88,92,ca40b2e629,Scientific Solex Union,33644.22,-0.0002,3854.826832684399,1.1934640957153342,4.951
96,96,93,97,c4d87c45ee,Unified Bulgite Council,33633.22,-0.0,1664.703279999998,1.211774062457018,4.897
97,97,96,100,91474e8269,Vesperian Directorate,33499.26,0.0,2269.6762899500004,1.2117470366360106,5.498
98,98,90,79,096fc37df4,Scientific Vesperoid Union,33472.5,0.0025,2254.497522400001,0.0124579403224669,0.1
99,99,97,85,e47a782635,The Xi-sagittariis Federation,33462.4,0.0017,3611.616052108977,0.0136455785781971,0.1
100,100,107,109,c45231c414,Scientific Epsilon-perseis Union,33365.68,-0.0,0.0,1.2119375226674765,4.917
101,101,100,102,a1d0ea467a,Unified Meris Council,33205.04,0.0,0.0,1.211883540287584,4.902
102,102,101,90,71efb681fc,The Aureloid Federation,33086.33,-0.0004,0.0,0.4118842694845911,0.128
103,103,110,112,e905d91038,Allied Zelari Systems,33054.5,-0.0,0.0,1.2119148737956522,4.655
104,104,102,103,95985a8620,Xenan Directorate,33036.93,0.0,0.0,1.2119377725806562,4.916
105,105,104,104,7994a1ada7,Unified Bulgan Council,32968.31,-0.0,0.0,1.211885211399806,5.246
106,106,112,115,8a78a0e229,Unified Vesperoid Council,32957.81,0.0,0.0,1.2119085629671464,4.702
107,107,105,93,15955262e1,Aurelian Directorate,32957.05,0.0036,0.0,0.4114850172870496,0.1
108,108,99,89,b2e833d309,Allied Orionoid Systems,32905.4,-0.0007,0.0,0.012,0.1
109,109,108,110,7036dbff3e,Scientific Orionite Union,32697.14,-0.0004,2820.290750071269,0.8105073638588965,0.182
110,110,106,106,2d148d0e47,Allied Cygnian Systems,32673.15,-0.0,0.0,1.2119336862129433,4.917
111,111,109,111,83c39baf65,Zylarite Directorate,32517.41,-0.0,0.0,1.211944104812102,4.933
112,112,111,113,7df05aba52,Unified Sagittarian Council,32090.81,0.0,0.0,1.211894484331324,5.516
113,113,114,107,04b742dd38,The Perseian Federation,31979.17,-0.0018,2499.31481196,0.012,0.1
114,114,113,117,e13216033f,Meroid Directorate,31820.93,-0.0,0.0,1.2118919706341753,4.908
115,115,115,108,1b37c066da,Valis Commonwealth,31803.87,-0.0005,0.0,0.4111017054071659,0.145
116,116,116,119,d0016e25b4,The Meran Federation,31646.0,-0.0001,0.0,1.2115627900494428,5.537
117,117,118,120,ac70f57b73,Unified Solex Council,31362.33,0.0,0.0,1.2118625587824423,4.957
118,118,117,114,1c90d82c80,Cygnian Directorate,31140.66,0.0019,0.0,0.811411839123529,0.728
119,119,120,121,c4f121b6c1,Orionian Directorate,31019.3,-0.0,3325.7448644544447,1.2111788700587955,4.013
120,120,123,124,a38e0777cd,Zelex Directorate,30983.75,0.0,0.0,1.2119161727072247,4.547
121,122,121,118,6ebb371c3c,The Tau-galacticis Federation,30827.34,-0.0,0.0,0.8116379132983418,1.203
122,121,119,116,63d8758b53,The Aurelex Federation,30521.76,0.0087,3648.815271188477,1.2024059583453826,3.802
123,123,122,123,4df0d9ee3b,Scientific Orionite Union,30416.36,-0.0,0.0,1.2119047302531527,4.904
124,124,125,125,b28f9ec7d4,Scientific Thranari Union,29949.46,-0.0008,0.0,0.4117966236960393,0.179
125,125,124,122,4b4e90bd89,The Meran Federation,29863.12,-0.0008,0.0,0.012,0.117
126,126,126,127,c98968025a,Orionan Directorate,28074.85,0.0,1962.7100375910004,1.211681060900977,4.518
127,127,127,128,658cf93cc4,Unified Zylarian Council,27865.36,-0.0,0.0,1.2119463037269589,5.124
128,128,128,126,3c4760ddea,Zelis Commonwealth,27352.66,0.0,0.0,1.2118874478200274,4.323
129,129,129,129,d853839dba,Allied Zelite Systems,26935.92,0.0,0.0,1.211920925640824,4.992
130,130,130,130,939c53fc68,Scientific Perseian Union,26545.1,0.1025,2854.82373691021,0.8101460084907556,0.1
131,131,131,131,fa8159dac5,Unified Xenian Council,26488.6,-0.0,0.0,1.2119155558789096,5.042
132,132,132,132,03fca7f787,Perseian Commonwealth,20396.57,0.0144,0.0,0.8106267009247755,0.239
133,133,133,133,9891e1dd90,Scientific Kaelumari Union,19991.01,-0.0014,0.0,0.012,0.1
134,134,134,134,862f6cbc45,Unified Thranan Council,19852.76,0.006,0.0,0.8110958716798998,0.246
135,135,136,136,999c5041c4,Scientific Aureliis Union,19581.85,0.0098,112.2663951999989,0.8088490271798742,0.233
136,136,135,135,dc652af4e1,Cygnan Commonwealth,19580.69,-0.0014,0.0,0.012,0.1
137,137,139,139,0fa7096d5a,Zelis Directorate,19451.71,-0.0008,0.0,0.8091017595879115,0.244
138,138,140,140,6c40e5c997,Orionite Directorate,19354.95,-0.0008,0.0,0.8097846057532626,0.341
139,139,137,137,f3f5dfde4c,Scientific Zelis Union,19324.0,-0.0,0.0,1.211764278184195,6.254
140,140,138,138,60a971a839,Cygnan Directorate,19300.82,-0.0,0.0,1.2117549502330622,6.211
141,141,141,141,517cb43ce0,Scientific Solan Union,19168.52,0.0,1322.5670246403652,1.2107908826791811,6.229
142,142,142,144,22b55b78e2,Unified Omicron-galacticis Council,18959.21,-0.0,0.0,1.211535000898966,6.215
143,143,143,145,cb6235e194,Allied Phi-perseis Systems,18955.81,-0.0,1570.345529745251,1.2062944330370895,4.442
144,144,147,150,189d8d8d1b,Valite Directorate,18905.64,-0.0,0.0,1.211785145625368,6.22
145,145,151,153,095464621d,Cygnan Commonwealth,18839.47,-0.0014,0.0,0.012,0.252
146,146,159,160,c59e7444f5,Meran Commonwealth,18695.82,-0.0,0.0,1.2116486309985148,6.257
147,147,145,147,075b3fb3b1,Unified Theta-orionis Council,18678.14,0.0045,0.0,1.2089082184043722,6.531
148,148,144,146,f0ada7121c,Consolidated Solex Worlds,18653.41,-0.0012,1360.8646777673912,0.012,0.1
149,149,146,148,61550040fc,Unified Aurelian Council,18587.8,0.0,0.0,1.2117075418164769,6.253
150,150,165,166,0ed21e60e5,Orionan Directorate,18549.84,-0.0007,0.0,0.012,0.1
151,151,149,152,f1337406a3,Thranan Directorate,18481.58,0.0005,1478.93717763406,1.194632419267101,5.373
152,152,150,142,622de7102b,Orionite Commonwealth,18462.6,0.0094,0.0,0.4122050169550764,0.109
153,153,152,143,36b91772ac,Unified Orionis Council,18439.32,0.0028,0.0,1.211035360144947,7.099
154,154,154,155,19190c022d,Allied Zylaris Systems,18410.72,0.0095,1120.7041726000002,0.8101785418328573,0.203
155,155,172,174,2705d84a32,Unified Vesperari Council,18387.37,0.0047,0.0,0.8103526684208413,0.243
156,156,148,151,f8a4edc83b,Consolidated Xenoid Worlds,18344.57,-0.0017,0.0,0.012,0.1
157,157,157,158,b3ddaf54de,Unified Zylarex Council,18329.28,0.0,0.0,1.2116773455257566,6.221
158,158,175,177,57733c8324,Scientific Merite Union,18271.71,0.0,0.0,1.2118586995286291,6.231
159,159,153,154,0e67dd57aa,Unified Valis Council,18261.12,-0.0,0.0,1.2115686255069111,5.934
160,160,177,180,37df7ce9be,Unified Xenoid Council,18245.88,-0.0,0.0,1.2114406411382777,6.218
161,161,155,156,fc241018ec,Kaelumis Directorate,18245.06,0.0,0.0,1.211893912796188,6.229
162,162,156,157,84a3d643c9,Scientific Orionis Union,18242.69,0.006,0.0,1.2108309024351238,6.904
163,163,178,181,bc259c8444,Scientific Kaelumian Union,18229.91,0.0131,0.0,0.8114991659927578,0.231
164,164,160,161,5a236efd3f,Beta-bulgis Commonwealth,18179.4,0.0104,0.0,0.4116627276746813,0.181
165,165,158,159,c6642b2284,Scientific Gaea-is Union,18163.43,0.011,0.0,1.2108230564460023,7.014
166,166,161,162,5573af18db,Merian Directorate,18148.13,-0.0,0.0,1.211827338211153,6.227
167,167,163,164,2c6958242d,Merian Commonwealth,18142.59,0.0,1204.7197400325,1.2107521056126556,6.195
168,168,162,163,785ce4730c,Unified Xenan Council,18139.11,0.0,1433.7476833576254,1.20919275033812,6.166
169,169,170,171,9568bafb15,Chi-bulgis Directorate,18070.72,0.0,0.0,1.2115554673381883,6.173
170,170,164,165,cd650c58ff,Gamma-sagittariis Directorate,18054.14,-0.0,0.0,1.211753541185384,6.254
171,171,187,191,c1cc584fd5,Unified Merite Council,18047.98,0.0,0.0,1.2116025249365696,6.056
172,172,171,173,3557fb1c6f,Allied Kaelumex Systems,18042.5,0.0015,1187.8401097059996,0.8070386454254128,0.221
173,173,189,194,111ab1a74e,Unified Meris Council,18006.81,0.0019,0.0,0.8114559201948373,0.221
174,174,166,167,afc6771a1e,Unified Xenoid Council,17987.57,0.0,0.0,1.2115637835554742,6.073
175,175,167,168,98e5a44c50,Cygnan Directorate,17965.05,0.0,0.0,1.2118884985405851,6.233
176,176,168,169,73cb158d41,Unified Vesperari Council,17942.92,0.0,0.0,1.2116084257414352,6.255
177,177,193,198,11452e96e6,Scientific Zelex Union,17942.1,-0.0,0.0,1.2114278752588672,6.242
178,178,169,170,95cba99a70,Consolidated Aureloid Worlds,17917.69,0.0,0.0,1.2116069434634742,6.115
179,179,173,149,6dfc531f16,Unified Xenis Council,17872.37,0.0112,744.0773902000005,1.2072469187886543,6.312
180,180,180,183,094756ff65,Unified Vesperis Council,17850.2,-0.0011,0.0,0.8115307120952326,0.268
181,181,181,185,1e3994853e,Consolidated Thranian Worlds,17822.54,0.0,0.0,1.2115399339037272,6.251
182,182,174,176,61397f1d85,Solari Directorate,17794.18,-0.0,1227.75910707,1.2103326744614769,6.204
183,183,205,209,5d262aaec3,Consolidated Xenite Worlds,17763.64,0.0021,0.0,1.2104497377311818,7.327
184,184,183,187,931aa9655e,Orionite Directorate,17741.47,-0.0,0.0,1.2116538585607108,6.159
185,185,207,212,38d523ac80,Scientific Vesperoid Union,17726.45,-0.0,0.0,1.2118508001977708,6.234
186,186,176,178,18daa88e4f,Scientific Rho-perseis Union,17718.87,-0.0,0.0,1.211835132263776,6.193
187,187,179,182,8d88177d24,Bulgian Directorate,17718.13,0.006,0.0,0.8096317026899467,0.222
188,188,188,192,31aeef2350,Scientific Solian Union,17685.83,-0.0,0.0,1.211559367528886,6.102
189,189,190,195,6fbfc2a11d,Unified Orionite Council,17644.37,-0.0,0.0,1.211563631331418,6.255
190,190,216,219,37a4cea3d7,Consolidated Solite Worlds,17640.63,-0.0009,0.0,0.4113137991134068,0.235
191,191,182,186,155f4eead5,The Aethelgardan Federation,17639.71,0.0,0.0,1.2116612520664745,5.994
192,192,184,188,15c488fdb9,Unified Vesperite Council,17605.28,-0.0,0.0,1.2115525545310537,6.227
193,193,185,189,d1ebd8161b,Unified Meran Council,17577.51,-0.0012,1126.797290115485,0.8059170383394538,0.256
194,194,186,190,0895acc0af,Sagittarian Directorate,17555.81,0.0104,424.2303952000002,0.8077612136909041,0.226
195,195,196,201,0ad458611c,Unified Orionian Council,17549.43,-0.0007,0.0,0.8115274501101553,0.753
196,196,197,172,b4e38b5ba0,Scientific Bulgian Union,17523.71,0.0,0.0,1.2117428912413664,6.222
197,197,198,203,24423298c0,Scientific Zylaroid Union,17515.48,-0.0,0.0,1.2116397820193416,6.257
198,198,191,196,a4eac32597,Scientific Omega-cygnis Union,17496.45,-0.0,0.0,1.2118141994049136,6.232
199,199,200,205,354b63d6d6,Scientific Solex Union,17482.71,-0.0,0.0,1.211881801023529,6.229
200,200,201,206,e4a60e62b6,Unified Zeloid Council,17481.28,-0.0,0.0,1.2116599497511786,6.262
201,201,203,207,e99c95009e,Merex Directorate,17458.76,-0.0,0.0,1.2115628951160105,6.286
202,202,192,197,1cf19da3a9,Unified Merex Council,17450.13,-0.0,0.0,1.2116047771011105,6.255
203,203,204,208,a222a74ae8,Zelex Directorate,17446.63,-0.0,0.0,1.211905645268212,6.236
204,204,194,199,71f4e16f01,Primite Directorate,17443.04,0.0,0.0,1.2115997782296937,6.211
205,205,224,227,f7ed0ea8ba,Thranari Commonwealth,17434.31,0.0,0.0,1.2118086741627865,6.204
206,206,195,200,88977397af,Zylarex Directorate,17419.1,-0.0,0.0,1.2114411717879974,6.248
207,207,206,211,63803c4eb1,Unified Zelari Council,17378.79,-0.0021,0.0,0.4093120767399725,0.244
208,208,208,210,2b100070c5,Bulgite Directorate,17364.76,0.0073,607.0021197999986,1.2049964550011067,6.754
209,209,228,230,87f864fe83,Unified Thranari Council,17360.14,-0.0,417.7381000000005,1.2109286525187442,6.239
210,210,210,213,5f5ebcf2f5,Solari Directorate,17356.7,0.0018,0.0,0.8109642321552429,0.226
211,211,229,231,2320636026,Unified Valian Council,17348.38,-0.0,1237.1004307860007,1.2107970008513436,5.806
212,212,199,204,033668785c,The Solis Federation,17345.91,-0.0,0.0,1.2115927207651849,6.242
213,213,211,184,243eff68e3,Sigma-bulgis Directorate,17327.7,0.0123,12.198246100000231,1.2078714987108106,6.444
214,214,202,175,f004cb791e,Scientific Perseian Union,17327.16,-0.0,0.0,1.211753864444472,6.224
215,215,213,216,ee9099d9b7,Vesperan Directorate,17312.73,0.0063,1158.9611787454196,0.012,0.1
216,216,218,221,23979e6a05,Unified Persean Council,17236.42,-0.0015,1129.1696324355005,0.012,0.1
217,217,209,179,511ff78315,Allied Zeta-cygnis Systems,17207.33,-0.0,0.0,1.211364244772405,6.204
218,218,219,223,58a2b00e32,Consolidated Persean Worlds,17167.92,-0.0,0.0,1.2117465548836046,6.017
219,219,215,218,d8145cd1f0,Aurelite Commonwealth,17163.49,-0.0,0.0,1.2117040139371198,6.225
220,220,212,215,1a2a63b5eb,Allied Thranian Systems,17163.17,-0.0009,1199.8050969987348,0.4079450328743873,0.158
221,221,220,224,4c67325ea2,Unified Persean Council,17163.12,-0.0007,525.2826081999997,0.4081972251141695,0.1
222,222,221,225,fce0550f04,Unified Thranian Council,17153.03,0.0,0.0,1.211852760072356,6.203
223,223,223,226,f714a79195,Scientific Orionian Union,17149.72,-0.0,0.0,1.2118329767335252,6.138
224,224,214,217,cf1fb521d7,Allied Sagittarian Systems,17143.79,-0.0,0.0,1.2117207372015897,6.227
225,225,217,220,0bfb7074dd,Scientific Xenite Union,17133.7,0.0,0.0,1.2118704243820446,6.111
226,226,247,251,0187c7d64a,The Vesperan Federation,17087.56,-0.0,0.0,1.211620926924691,5.864
227,227,249,254,3ba7df6ae1,Scientific Thranite Union,17081.03,-0.0,0.0,1.2116491962540366,6.234
228,228,251,255,2c64149009,Unified Vesperex Council,17076.7,-0.0,0.0,1.2116948096173763,6.261
229,229,225,228,4a9574c523,Scientific Kaelumite Union,17066.72,0.0,0.0,1.2114711021333118,6.251
230,230,257,262,27d9c8dc46,The Perseian Federation,17033.44,0.0,0.0,1.211416650607074,5.82
231,231,258,263,8e17c1b492,Solex Commonwealth,17033.05,-0.0065,1318.8750087445624,0.012,0.1
232,232,226,202,9a629191f0,Allied Orionan Systems,17022.99,0.0,0.0,1.2117047461498085,6.153
233,233,227,229,f0fcb8f048,The Valari Federation,17019.54,-0.0,0.0,1.2119011650560534,6.236
234,234,260,265,0b6029ea29,Scientific Vesperis Union,17014.05,0.0,0.0,1.2115584039536549,6.198
235,235,222,193,ee951bbfab,Kaelumian Directorate,17002.14,-0.0048,0.0,0.4118194032284232,0.139
236,236,230,233,d378f96d17,Kaelumian Commonwealth,16985.0,0.0,0.0,1.211853648690078,5.983
237,237,231,234,28f3b831a2,Scientific Aureloid Union,16980.64,-0.0,0.0,1.2118805867460571,6.235
238,238,234,237,ed8eb43829,Omega-bulgis Directorate,16952.09,-0.0,0.0,1.2118537040606394,6.232
239,239,235,238,f03d90fb8f,Thranite Directorate,16945.01,0.0,1073.318307853,1.2103074211192748,6.271
240,240,236,239,c64460376e,Gamma-orionis Directorate,16933.68,-0.0,0.0,1.2117934086089248,6.247
241,241,275,283,2a8b6fc81d,Unified Zylarite Council,16884.87,0.0,0.0,1.2112918635237262,6.219
242,242,277,285,b1f20b8a8c,The Aurelan Federation,16848.34,0.0,0.0,1.2118175515819678,6.268
243,243,232,235,962632e3ac,Zylarex Directorate,16842.38,0.0,0.0,1.2116773905960796,6.231
244,244,241,214,182edcdd37,Aurelan Commonwealth,16827.98,-0.0,0.0,1.2116298632489422,5.818
245,245,242,245,9883f23173,Consolidated Aureloid Worlds,16824.75,-0.0,0.0,1.211793624067335,6.237
246,246,243,246,d5f12251b2,Unified Xenian Council,16815.92,0.0,0.0,1.2113301814247548,6.219
247,247,233,236,61dc46303f,Consolidated Zelis Worlds,16806.63,-0.0,821.2360000000008,1.211283910008347,5.71
248,248,245,248,bceea7e00e,Unified Orionan Council,16796.44,0.0,0.0,1.2115368264556856,6.212
249,249,237,240,78635879d1,Scientific Priman Union,16788.03,0.0,0.0,1.211871356692596,6.237
250,250,248,252,8bd71d17f7,Unified Xenis Council,16743.74,-0.0,0.0,1.2115340792950324,6.215
251,251,239,242,b619dd5fb5,Scientific Thranan Union,16742.18,-0.0014,0.0,0.8092456679293821,0.238
252,252,238,241,4836a15586,Scientific Valan Union,16733.42,0.0,0.0,1.2118912153547206,6.223
253,253,252,256,83775e646f,Consolidated Thranite Worlds,16724.26,0.0,1090.6144532500002,1.2111717541295672,5.706
254,254,253,257,11c4291fc3,Vesperite Commonwealth,16714.4,0.0031,652.2063460000013,0.8053865293036608,2.326
255,255,255,260,26b5626b6c,Scientific Thranan Union,16710.08,0.0,0.0,1.21165008748983,6.239
256,256,240,244,ac4afd4a27,Perseite Directorate,16683.16,-0.0,0.0,1.2118101818477245,6.066
257,257,259,264,81714ff4c3,Consolidated Xenari Worlds,16680.15,-0.0006,0.0,0.4116485038254375,0.36
258,258,244,247,8478dfd6f7,Merari Directorate,16677.06,0.0,0.0,1.2117440429545046,6.135
259,259,288,298,5db2756626,Unified Zelian Council,16661.21,-0.0,0.0,1.2117712941186047,6.238
260,260,262,267,123f4d1fb7,Aurelian Directorate,16643.88,-0.0,0.0,1.211882650973242,6.237
261,261,263,268,996190e522,Orionan Directorate,16642.29,0.0071,0.0,1.2107542023832625,6.387
262,262,246,249,bda6417e80,Scientific Persean Union,16630.32,0.0,1417.7691036085455,1.2080958773011738,5.87
263,263,266,271,a425d5c923,Allied Thranari Systems,16626.89,0.0,0.0,1.2116826078810252,5.824
264,264,267,272,927dbfac0b,Scientific Kaelumis Union,16626.52,-0.0013,1094.1578542695,0.4036857231671025,0.223
265,265,270,276,2a34070c99,Consolidated Persean Worlds,16585.71,-0.0,0.0,1.2114557664176655,6.234
266,266,250,222,8853384409,Unified Kaelumex Council,16582.92,-0.0007,1087.123154083,0.80438423050871,4.467
267,267,294,303,53dc64803e,Scientific Orionian Union,16579.07,-0.0,0.0,1.211577411586133,6.234
268,268,273,279,c5213edcba,Scientific Meran Union,16578.19,0.0,0.0,1.2117572579521678,5.905
269,269,254,258,65ea513ebb,Unified Sagittarian Council,16568.51,0.0,0.0,1.2117503826618654,6.235
270,270,256,261,7e5521abbb,Scientific Kaelumis Union,16555.49,-0.0,0.0,1.2118868129219191,6.118
271,271,261,266,3779c3fe76,Unified Zelian Council,16518.62,-0.0,0.0,1.2118935822807018,6.081
272,272,300,309,ff559623e3,Consolidated Merian Worlds,16507.74,0.0,0.0,1.2114107076865317,6.226
273,273,278,286,3a375c2f6d,Scientific Xenan Union,16503.73,0.0,0.0,1.211554844691155,6.138
274,274,279,232,a987357567,Scientific Thranite Union,16500.68,0.0,1189.2219654280004,1.208403229670403,6.293
275,275,264,269,6eb9b1daf2,Scientific Xenite Union,16496.31,0.0,0.0,1.2118690989186942,6.24
276,276,265,270,c6e77e6789,Persean Directorate,16481.81,-0.0,0.0,1.2118716059517467,6.24
277,277,268,274,eacab5ee97,Thranan Directorate,16470.98,0.0,1193.0313262775005,1.2106234006096346,5.863
278,278,269,275,3e1c9fe27e,Cygnian Directorate,16469.52,0.0,0.0,1.2116980146916168,6.249
279,279,271,277,f343101fe6,Unified Aurelari Council,16438.31,-0.0,1238.6620362970002,1.2104514518002594,5.868
280,280,272,278,8fbf42f886,Vesperis Commonwealth,16435.53,-0.0,0.0,1.2115395097494823,5.86
281,281,274,281,a067552faf,Consolidated Ian Worlds,16421.02,-0.0,0.0,1.2115151167509397,5.878
282,282,276,284,7419a59432,Unified Merari Council,16396.14,-0.0,0.0,1.2116799436706944,6.232
283,283,284,294,b4221d6e15,Unified Xenis Council,16392.2,-0.0,0.0,1.2117306863547554,6.235
284,284,308,316,7be35390be,Scientific Valan Union,16375.05,0.0,418.9380999999994,1.2110733350189282,5.975
285,285,280,287,55c2a4dc5e,Thranari Commonwealth,16368.17,0.0,0.0,1.2116180927511873,6.262
286,286,285,295,7315025cfd,Unified Aurelari Council,16356.26,-0.0,0.0,1.2116550792469032,6.232
287,287,287,296,35390a1939,Valari Directorate,16352.02,0.0047,0.0,0.4119417569688557,0.298
288,288,281,288,02b9381952,Aurelian Directorate,16340.93,-0.0011,0.0,0.012,0.146
289,289,310,319,415811daec,Solian Directorate,16326.02,-0.0,0.0,1.2118169626922894,6.063
290,290,311,320,2c89a9e0dc,Scientific Persean Union,16321.58,0.0,0.0,1.2118971175391926,6.245
291,291,282,289,792f609a6f,Unified Sagittariite Council,16308.29,-0.0,0.0,1.211883538296885,6.224
292,292,291,250,9696ce2491,Scientific Vesperari Union,16290.27,0.0,0.0,1.2117104300427413,6.227
293,293,283,291,822326926a,Unified Meroid Council,16287.3,-0.0009,0.0,0.012,0.1
294,294,315,323,db6da7e17a,Orionis Directorate,16274.23,-0.0,0.0,1.211822580089475,6.203
295,295,293,302,41e5776038,Unified Orionan Council,16254.13,-0.0,0.0,1.2110927737840131,6.267
296,296,320,326,2211d3100d,Kaelumex Directorate,16230.67,-0.0,192.2889400000004,1.2110659260139676,6.05
297,297,322,328,80ce70725d,Scientific Kaelumian Union,16221.57,-0.0,0.0,1.2118234865842956,6.039
298,298,297,306,13b6f1c19c,Allied Orionite Systems,16219.09,0.0064,0.0,0.8116028628803871,0.237
299,299,323,329,d427d38a9f,Unified Kaelumex Council,16214.78,0.0,0.0,1.2118377512999496,6.24
300,300,286,243,2640424e04,Unified Aurelan Council,16203.53,-0.0015,0.0,0.012,0.1
301,301,326,331,7c376afd56,The Kaelumis Federation,16200.05,-0.0016,0.0,0.012,0.1
302,302,289,299,c7c9fca9a1,Unified Aethelgardis Council,16195.87,0.0,0.0,1.211719306042145,6.234
303,303,298,307,f2bbbfc167,Bulgan Commonwealth,16194.67,-0.0011,0.0,0.012,0.1
304,304,290,300,f0cb6b0a91,Xenoid Directorate,16192.23,0.0,0.0,1.2117505849090922,6.049
305,305,299,308,3c983bfdab,Unified Vesperari Council,16187.47,0.0,0.0,1.2115735480936742,6.263
306,306,301,273,85aec51e58,Consolidated Thranoid Worlds,16138.48,-0.0,0.0,1.2116721480987749,6.038
307,307,302,311,cadd62d564,Allied Aurelite Systems,16134.24,0.0,0.0,1.211881737880382,6.274
308,308,292,253,38a2dd884c,Allied Sagittariian Systems,16107.3,-0.0032,1166.5729697263291,0.012,0.1
309,309,296,305,350e107aae,Allied Aurelan Systems,16087.95,-0.0,0.0,1.211592761167601,6.233
310,310,305,312,f27ca4fefa,Scientific Aurelite Union,16078.94,0.0,0.0,1.211844356661229,6.24
311,311,295,259,5d94c085f5,Allied Valis Systems,16078.63,-0.0017,0.0,0.012,0.1
312,312,307,315,1a67be5b7f,Scientific Zelite Union,16055.66,0.0,0.0,1.2118683912576391,5.869
313,313,306,313,d2748466c9,Scientific Xenis Union,15951.23,-0.0,0.0,1.211890030191965,6.245
314,314,303,280,f61290c372,Scientific Orionari Union,15940.2,0.0,0.0,1.211537434024566,6.226
315,315,304,282,cc71651dca,Unified Solex Council,15931.11,-0.0,0.0,1.211566328479733,6.184
316,316,342,347,467216187a,Allied Thranex Systems,15930.11,0.0,0.0,1.2118057494376857,6.217
317,317,344,349,22e010a52d,Unified Cygnite Council,15927.62,0.0,0.0,1.2118668575805158,6.112
318,318,319,325,8e65d7f5b1,Scientific Zeloid Union,15905.75,-0.0,616.3205200000011,1.210796672709355,6.122
319,319,321,327,f0f8b2423b,Xenex Directorate,15899.37,0.0,0.0,1.2117872259623492,6.241
320,320,309,318,b8c054770f,Beta-bulgis Directorate,15882.33,-0.0012,0.0,0.012,0.1
321,321,324,330,98fbfa35fa,Sigma-orionis Commonwealth,15878.06,0.0,0.0,1.2118399823198611,5.734
322,322,327,332,15474381ae,Scientific Kaelumari Union,15862.08,-0.0,0.0,1.21187561881648,6.211
323,323,330,335,d957806d32,Galactician Commonwealth,15851.85,-0.0,0.0,1.2112529830617829,6.122
324,324,313,321,52be76d999,Zelian Directorate,15848.31,0.0,0.0,1.2114642607329529,6.191
325,325,351,354,556d6c2378,Meroid Directorate,15845.45,-0.0019,0.0,0.8104102911813929,0.27
326,326,314,322,bbf8578e8c,Unified Orionite Council,15837.91,-0.0,0.0,1.2116088776666831,6.233
327,327,332,301,bcfcfb49cf,Scientific Thranex Union,15832.33,0.0,0.0,1.2115215939922712,6.183
328,328,312,290,43cb04ad80,Xenoid Directorate,15828.13,0.0,0.0,1.211234545995265,6.222
329,329,333,338,7f4ec7825c,Allied Soloid Systems,15818.57,0.0,0.0,1.211584326381503,5.866
330,330,316,292,a03b53100a,Orionex Directorate,15801.43,0.0,0.0,1.2118363018459928,6.237
331,331,334,339,724362e429,Zeloid Commonwealth,15797.94,-0.0029,0.0,1.209790523981638,5.162
332,332,355,358,b53d4251d2,Meroid Directorate,15787.27,-0.0,0.0,1.2117720108410357,6.242
333,333,317,324,b91403ddc4,Consolidated Merari Worlds,15786.99,0.0,0.0,1.2114541190811146,5.792
334,334,336,304,c87f4b2d09,Consolidated Zelite Worlds,15775.37,-0.0,0.0,1.2116085852881242,5.889
335,335,318,293,f4a721a47f,Gamma-galacticis Directorate,15774.42,-0.0,0.0,1.211491015217003,5.922
336,336,325,297,6657429a7c,Unified Ignis-ivis Council,15731.29,-0.0,0.0,1.2113089674405135,6.219
337,337,356,359,a9283be55d,The Epsilon-perseis Federation,15725.06,-0.0,1062.927463629,1.2109308476980707,5.31
338,338,331,336,d056d7ce4a,Scientific Thranex Union,15716.32,-0.0,0.0,1.2118734519209755,6.179
339,339,328,333,03d3903c7c,Unified Orionex Council,15714.86,-0.0,0.0,1.2115572238133112,6.234
340,340,329,334,f8c1278b86,Consolidated Zelis Worlds,15711.57,-0.0,0.0,1.2118872698122694,6.128
341,341,339,344,b75dce1421,Allied Bulgite Systems,15700.42,0.0,0.0,1.2116256672571757,5.286
342,342,340,310,187eb0978f,Scientific Merite Union,15697.46,-0.0012,0.0,0.012,0.107
343,343,335,340,35b25d7eaf,Unified Aethelgardis Council,15675.42,0.0,0.0,1.211757179503527,6.113
344,344,337,342,80d9c3cc28,Vesperian Directorate,15599.19,0.0,0.0,1.2114589727506326,6.287
345,345,338,343,2173a01d64,Allied Elysiian Systems,15580.65,-0.0029,0.0,0.8114119602848775,0.497
346,346,347,351,f7bd18e491,Thranis Commonwealth,15571.81,-0.0,192.1811800000005,1.2090836535442104,6.051
347,347,350,353,dffeed89fb,Chi-bulgis Directorate,15538.06,0.0,0.0,1.2118810680362149,5.97
348,348,352,355,3c04f1e4d3,Scientific Xenite Union,15503.91,-0.0,0.0,1.2115103163404914,5.932
349,349,366,371,459f704847,Thranari Directorate,15495.62,-0.0,0.0,1.211754937747792,6.283
350,350,343,348,50f9748c73,Scientific Vesperex Union,15492.25,-0.0,105.90586000000076,1.2105433834221335,6.246
351,351,353,356,cd3cb2af45,The Chi-bulgis Federation,15488.44,-0.0008,0.0,1.2099747214546883,7.531
352,352,341,346,56cd534bb7,The Persean Federation,15477.71,0.0,0.0,1.2118624143167849,5.866
353,353,354,357,691ec52085,The Zelian Federation,15472.77,0.0118,0.0,0.4119446475766473,0.1
354,354,345,350,0130446f7e,Scientific Kaelumis Union,15469.01,0.0,0.0,1.2115234454629296,6.206
355,355,346,314,37b8da7a55,Zylaris Directorate,15449.57,0.0,0.0,1.2118703525297303,6.245
356,356,348,317,a500abb373,The Zelari Federation,15432.01,0.0,0.0,1.2116822795200783,5.921
357,357,349,352,82b29167c3,Galactican Directorate,15410.76,-0.0006,0.0,0.81101086095886,0.685
358,358,359,364,2ed96a351c,Unified Valite Council,15378.21,-0.0,0.0,1.2118269483272557,6.247
359,359,360,337,23094db297,Allied Solian Systems,15360.41,-0.0011,237.1007199999999,1.2114339486798993,5.157
360,360,362,341,7ba9deb67e,Consolidated Xenoid Worlds,15307.74,-0.0017,0.0,0.0119999999999999,0.152
361,361,363,366,62149b123f,Scientific Sagittarian Union,15285.89,-0.0,0.0,1.2116175829344549,6.216
362,362,357,360,947f74a852,Allied Sagittariite Systems,15258.58,-0.0012,0.0,0.012,0.152
363,363,358,362,7135e43d15,Consolidated Valoid Worlds,15244.32,-0.0,0.0,1.2115328619987729,6.241
364,364,364,369,15286fa1f5,Consolidated Zelari Worlds,15214.15,0.0128,0.0,0.8077052139420725,0.251
365,365,361,365,f94aaeed85,Allied Cygnite Systems,15192.56,-0.0,90.3812199999993,1.2107955720927297,6.148
366,366,368,372,e07661a882,Aurelari Directorate,15171.2,-0.0,0.0,1.211582836717093,6.246
367,367,379,383,63f01adf18,Consolidated Galacticite Worlds,15164.08,0.0031,0.0,0.8117086400365318,0.19
368,368,370,374,4c8e6a8540,Allied Bulgan Systems,15139.8,-0.0015,0.0,0.8107692239211056,0.219
369,369,365,370,9cad00795f,Allied Aethelgardian Systems,15099.07,-0.0,987.2285604500004,1.2109363868522187,5.653
370,370,371,375,9dbca7c528,Unified Vesperari Council,15067.25,0.0,0.0,1.21182038398519,6.253
371,371,367,345,12f8de3472,Thranari Commonwealth,15040.85,0.0016,0.0,0.8107516190621284,0.18
372,372,369,373,cb16d2a5bc,Gamma-cygnis Directorate,15035.94,-0.0,0.0,1.2118588714183662,6.248
373,373,373,377,f929aa33ac,Bulgian Commonwealth,15025.45,0.0,0.0,1.211546150831077,5.553
374,374,388,390,92810d80b3,The Aurelis Federation,14997.51,-0.0009,0.0,0.8112450572583358,0.315
375,375,389,391,35e0e185b7,Scientific Valan Union,14952.64,-0.0,0.0,1.2116842344620826,5.86
376,376,374,361,b323933feb,Allied Solian Systems,14943.85,0.0,1199.8015458455002,0.8053623339649693,0.17
377,377,375,379,ce97697488,Scientific Orionian Union,14939.8,0.0,0.0,1.211802993810312,6.249
378,378,377,380,71d820677a,The Zylaran Federation,14931.44,-0.0004,257.96475999999893,0.8093250131565355,0.547
379,379,372,376,de8a7cab3b,Unified Merian Council,14894.07,0.0,0.0,1.2110743384775673,6.252
380,380,393,396,52d6d92e6b,Unified Xenoid Council,14893.45,0.0,0.0,1.2110770096217076,6.172
381,381,380,384,75912c8e4c,Kaelumari Directorate,14855.49,0.0171,546.1001254499995,1.1986535696089131,0.204
382,382,381,385,adc1c77061,Unified Thranis Council,14817.71,0.1164,154.9629601600002,0.3843986778027962,0.1
383,383,382,386,c7a93adf27,The Thranis Federation,14817.48,0.0,0.0,1.2117232601909962,6.121
384,384,376,363,c3b1779520,Aurelis Commonwealth,14816.72,-0.0001,1076.1579899600004,1.2071529839991106,5.554
385,385,383,367,76c64a14d6,Unified Orionoid Council,14811.28,-0.0,0.0,1.2117546032825022,6.101
386,386,384,387,634ad45f7e,Scientific Aurelan Union,14810.14,-0.0016,0.0,0.8115174441118588,0.241
387,387,378,381,26a6b7dcc3,Consolidated Valan Worlds,14806.05,-0.0,0.0,1.2116784146548931,6.217
388,388,386,388,3be9d94e07,Unified Kaelumoid Council,14643.92,-0.0,0.0,1.2115409195195486,6.255
389,389,385,368,6a9427ac16,Consolidated Prometheian Worlds,14642.57,-0.0054,0.0,0.012,0.121
390,390,387,389,7388512271,Unified Orionari Council,14601.02,-0.0,0.0,1.2117811118459691,5.936
391,391,392,395,0ddd78edbb,The Delta-bulgis Federation,14598.32,0.0,0.0,1.2115583100455536,5.849
392,392,395,378,53856bd8ca,Allied Sagittariian Systems,14570.98,-0.0004,0.0,0.4109996055847349,0.1
393,393,390,392,e1017ed35e,Cygnan Directorate,14500.77,-0.0,0.0,1.2114095433577987,6.262
394,394,396,398,22c13af7a1,Unified Vesperoid Council,14493.3,0.0,0.0,1.2118554196312836,6.18
395,395,394,397,e3ba98a843,Unified Valoid Council,14484.63,0.0,0.0,1.2118867231266297,6.262
396,396,391,394,b6ae409cbf,Unified Vesperite Council,14474.59,-0.0,0.0,1.2118704085814411,5.926
397,397,397,382,9d578c755a,Scientific Zelian Union,14471.85,-0.0,773.4241300000006,1.2054546147450858,4.564
398,398,399,400,ad47c2dda3,Bulgite Commonwealth,14415.48,-0.0,52.500220000000354,1.2113213177242588,5.129
399,399,409,409,02fd90e690,Allied Meris Systems,14413.21,-0.0,0.0,1.2111455065180514,6.137
400,400,398,399,3aa8ce54ee,Allied Sagittariian Systems,14339.85,0.0263,883.4503949999996,1.1998670928083697,0.818
401,401,401,402,2b478a564d,Aurelian Commonwealth,14339.47,0.0,0.0,1.2114309836560948,5.122
402,402,402,403,c2fe0ab024,Unified Orionan Council,14322.38,-0.0,0.0,1.2112481249202134,5.522
403,403,403,404,b6e89e8b4d,Allied Chi-perseis Systems,14314.23,-0.0,0.0,1.2117995520323794,5.87
404,404,405,406,20dcee6871,Unified Valoid Council,14239.85,-0.0,0.0,1.211877911607945,6.27
405,405,400,401,bb1351012f,Zylarian Directorate,14231.21,-0.0,0.0,1.2118792850255615,6.201
406,406,406,407,06f00def5a,Scientific Aureliite Union,14201.42,0.0,0.0,1.2117919680979787,5.971
407,407,404,405,07a0027478,The Vesperis Federation,14182.52,-0.0,0.0,1.2113178917665364,5.176
408,408,408,408,41a9345e47,The Aurelian Federation,14162.69,-0.0005,0.0,0.8102490090786936,0.268
409,409,407,393,e00bc2a5e5,Thranite Directorate,14056.52,-0.0,0.0,1.2118746248676209,5.891
410,410,410,410,6f1e390274,Kaelumis Directorate,13877.44,0.0,0.0,1.2118789465606294,6.157
411,411,411,411,81601b2e5e,Unified Sigma-orionis Council,13855.79,0.0,0.0,1.2118901121661856,6.285
412,412,412,412,b0eb206a08,The Thranis Federation,13851.49,0.108,1458.7502204500004,1.2005506468380296,0.985
413,413,413,413,72196fa906,Sigma-orionis Commonwealth,13794.38,0.0,0.0,1.211666515645069,5.989
414,414,414,414,6d4e0abb77,Scientific Zelan Union,13755.08,-0.0,0.0,1.211653230268402,5.871
415,415,415,415,df2217070a,Allied Thranari Systems,13704.64,-0.0,0.0,1.2116111831035337,5.87
416,416,423,423,0cb785b3d6,Kaelumite Commonwealth,13655.53,0.0,0.0,1.2118223081650918,5.525
417,417,416,416,a189e2924d,The Thranian Federation,13641.86,0.0,0.0,1.2113252751234076,5.104
418,418,417,417,80be4440e8,Kaelumis Directorate,13626.58,0.0,0.0,1.211850336700166,6.203
419,419,419,419,2320e9a617,Galactican Directorate,13531.54,0.0,0.0,1.2118621309914788,6.209
420,420,418,418,74136dc7b0,The Solari Federation,13449.93,-0.0039,657.07738,1.2110792108977766,5.079
421,421,422,422,cfec2df928,Consolidated Zylarex Worlds,13425.73,0.0,1246.6181207760003,1.206817772016554,4.944
422,422,420,420,ee6f8a466e,Cygnian Commonwealth,13403.07,0.0,0.0,1.2115018544470302,6.131
423,423,421,421,c56a0b9792,Allied Elysiis Systems,13306.96,0.0,0.0,1.211723010057525,5.473
424,424,424,424,b12b67a0db,Unified Zelian Council,12946.79,-0.0,251.14137999999912,1.2099289195973948,5.95
425,425,427,427,ea27a17ca6,The Meris Federation,12857.0,-0.0,0.0,1.2114282582290472,6.093
426,426,425,425,75a58165a0,The Galactican Federation,12849.4,0.0001,83.21673999999985,0.8081034072104524,0.173
427,427,426,426,bee1d78260,Zylarian Commonwealth,12700.24,-0.0,0.0,1.2114613652465842,5.789
428,428,428,428,8f64eb0a84,Vesperan Commonwealth,3229.86,-0.038,0.0,0.0287882379673235,0.1
429,429,429,429,14c594f145,Unified Orionian Council,3012.87,-0.024,0.0,0.0203809292807826,0.1
430,430,430,430,7664b6b371,Orionian Directorate,1808.68,-0.0561,0.0,0.0396377942357848,0.1
431,431,431,431,739bb87006,Unified Aurelex Council,900.85,0.0,0.0,0.012,0.1
432,436,453,446,f9c2058d1a,Zylarian Directorate,107.65,0.0,0.0,0.012,0.1
433,438,454,447,2e4e7545f5,Unified Xenian Council,107.65,0.0,0.0,0.012,0.1
434,437,442,467,2b4452e77b,Soloid Directorate,107.65,0.0,0.0,0.012,0.1
435,435,456,433,75447b1ce9,Zylarian Commonwealth,107.65,0.0,0.0,0.012,0.1
436,434,461,437,63fff6610a,Meris Directorate,107.65,0.0,0.0,0.012,0.1
437,433,464,448,7ec564c9db,Scientific Valex Union,107.65,0.0,0.0,0.012,0.1
438,432,440,465,edb45b6eec,Unified Kaelumoid Council,107.65,0.0,0.0,0.012,0.1
439,448,436,460,ecbe2dc98a,Zelari Commonwealth,105.49,0.0,0.0,0.012,0.1
440,456,448,475,3339448f7c,Xenan Directorate,105.49,0.0,0.0,0.012,0.1
441,455,437,462,28100766c8,Bulgite Directorate,105.49,0.0,0.0,0.012,0.1
442,454,446,473,fe5ce1f2b8,Consolidated Kaelumari Worlds,105.49,0.0,0.0,0.012,0.1
443,452,443,455,d7ec4d3018,Thranan Directorate,105.49,0.0,0.0,0.012,0.1
444,451,447,474,460d2edc1f,Sagittarian Directorate,105.49,0.0,0.0,0.012,0.1
445,450,449,476,778b8b68c3,Scientific Aurelex Union,105.49,0.0,0.0,0.012,0.1
446,449,433,479,02e103d2b6,Dominion of Thranari,105.49,0.0,0.0,0.012,0.1
447,453,444,471,f6221e08e8,Orionian Directorate,105.49,0.0,0.0,0.012,0.1
448,447,455,434,abb26e55dc,Consolidated Orionian Worlds,105.49,0.0,0.0,0.012,0.1
449,442,466,450,32d2bbd884,Unified Zelan Council,105.49,0.0,0.0,0.012,0.1
450,439,439,464,d2f4557294,Perseian Directorate,105.49,0.0,0.0,0.012,0.1
451,440,450,478,fcda05fc4e,Unified Sigma-galacticis Council,105.49,0.0,0.0,0.012,0.1
452,441,468,452,08caaac3af,Unified Orionian Council,105.49,0.0,0.0,0.012,0.1
453,446,434,457,340ef3ab81,The Thranari Federation,105.49,0.0,0.0,0.012,0.1
454,443,465,449,62a7129a59,Unified Bulgian Council,105.49,0.0,0.0,0.012,0.1
455,444,432,480,529174abfd,Unified Meroid Council,105.49,0.0,0.0,0.012,0.1
456,445,438,463,28728de334,Scientific Xenite Union,105.49,0.0,0.0,0.012,0.1
457,458,445,472,a866d8dcfc,Zelis Directorate,104.69,0.0,0.0,0.012,0.1
458,459,462,436,626215ebea,Scientific Xenoid Union,104.69,0.0,0.0,0.012,0.1
459,460,452,482,b9be6a525a,The Bulgite Federation,104.69,0.0,0.0,0.012,0.1
460,457,458,443,c5f014b287,Bulgan Directorate,104.69,0.0,0.0,0.012,0.1
461,461,467,451,9d449a31b9,Consolidated Omega-cygnis Worlds,104.65,0.0,0.0,0.012,0.1
462,462,451,470,b9ec32251d,Allied Zylarian Systems,104.61,0.0,0.0,0.012,0.1
463,463,457,442,340e3912e2,Cygnite Directorate,104.61,0.0,0.0,0.012,0.1
464,464,459,444,77811a2fa9,Gaeian Directorate,104.57,0.0,0.0,0.012,0.1
465,466,441,466,b9c3618013,Unified Sagittariite Council,104.55,0.0,0.0,0.012,0.1
466,465,460,445,8196db66b3,Scientific Thranan Union,104.55,0.0,0.0,0.012,0.1
467,467,463,432,5fec320399,Unified Orionan Council,104.54,0.0,0.0,0.012,0.1
468,468,435,458,dbf06f7273,Orionite Directorate,104.53,0.0,0.0,0.012,0.1
469,469,476,440,ec5efdeb2d,The Bulgite Federation,102.44,0.0,0.0,0.012,0.1
470,470,481,459,cbdac2fac3,Scientific Zylarex Union,102.44,0.0,0.0,0.012,0.1
471,471,478,469,08d81107e6,Zylarian Directorate,102.44,0.0,0.0,0.012,0.1
472,472,469,481,d340e67e88,Scientific Aurelan Union,102.44,0.0,0.0,0.012,0.1
473,473,472,453,7dc225fd37,Consolidated Orionian Worlds,102.44,0.0,0.0,0.012,0.1
474,474,470,477,c1803ec34d,Aurelari Directorate,102.44,0.0,0.0,0.012,0.1
475,475,482,456,a7f6005fd2,Republic of Meroid,102.44,0.0,0.0,0.012,0.1
476,476,473,468,984d4d4161,Consolidated Vesperan Worlds,101.63,0.0,0.0,0.012,0.1
477,477,475,439,f83f785370,Consolidated Valian Worlds,101.51,0.0,0.0,0.012,0.1
478,479,471,435,0a6e8b3547,The Nu-cygnis Federation,101.51,0.0,0.0,0.012,0.1
479,480,479,454,71073d1e77,Scientific Xenex Union,101.51,0.0,0.0,0.012,0.1
480,481,480,461,7fdb421436,Consolidated Cygnian Worlds,101.51,0.0,0.0,0.012,0.1
481,482,474,438,9aa2eff7c3,Persean Directorate,101.5,0.0,0.0,0.012,0.1
482,478,477,441,faf8d4b64a,Solex Directorate,100.06,0.0,0.0,0.012,0.1
