rank,empire_name,influence_score,lifespan_rank,historical_rank
1,The Great Unified Imperium,69192.0,1,1
2,The Great Scientific Imperium,56772.0,2,2
3,The Scientific Technocracy,55297.0,3,3
4,The Unified Technocracy,42244.0,4,4
5,The Consolidated Unified Systems,29061.0,5,5
6,The Great Allied Imperium,23574.0,6,6
7,The Great Consolidated Imperium,21473.0,7,7
8,The Unified AI Hegemony,20559.0,8,8
9,The Consolidated Scientific Systems,18266.0,9,9
10,The Scientific AI Hegemony,17663.0,10,10
11,The Consolidated Consolidated Systems,14716.0,11,11
12,The Unified Star Empire,13013.0,12,12
13,The Allied Technocracy,12839.0,13,13
14,The Consolidated Technocracy,11443.0,14,14
15,The Consolidated Star Empire,9829.0,15,15
16,The Consolidated Allied Systems,9132.0,16,16
17,The Allied Star Empire,6925.0,17,17
18,The Great Cygnan Imperium,4597.0,18,18
19,The Consolidated Chi-bulgis Systems,4456.0,19,19
20,The Thranari Technocracy,4384.0,20,20
21,The Orionite Technocracy,4338.0,21,21
22,The Great Galactican Imperium,4143.0,22,22
23,The Aurelian Technocracy,3763.0,23,23
24,The Aurelari Technocracy,3745.0,24,24
25,The Great Meris Imperium,3625.0,25,25
26,The Great Kaelumian Imperium,3524.0,26,26
27,The Kaelumis AI Hegemony,3309.0,27,27
28,The Great Meran Imperium,3281.0,28,28
29,The Consolidated Thranari Systems,3278.0,29,29
30,The Great Thranan Imperium,3231.0,30,30
31,The Consolidated Perseian Systems,3222.0,31,31
32,The Orionian Technocracy,3150.0,32,32
33,The Consolidated AI Hegemony,3150.0,33,33
34,The Cygnan Technocracy,3133.0,34,34
35,The Consolidated Bulgite Systems,3102.0,35,35
36,The Xenan Technocracy,3078.0,36,36
37,The Consolidated Zelis Systems,3021.0,37,37
38,The Orionite AI Hegemony,3009.0,38,38
39,The Zylarian AI Hegemony,2997.0,39,39
40,The Great Zylarite Imperium,2973.0,40,40
41,The Great Zelex Imperium,2962.0,41,41
42,The Great Bulgite Imperium,2950.0,42,42
43,The Great Cygnite Imperium,2947.0,43,43
44,The Kaelumis Technocracy,2909.0,44,44
45,The Bulgite Technocracy,2889.0,45,45
46,The Aurelian Star Empire,2883.0,46,46
47,The Scientific Star Empire,2842.0,47,47
48,The Sigma-orionis Star Empire,2842.0,48,48
49,The Bulgian Star Empire,2807.0,49,49
50,The Cygnian Technocracy,2742.0,50,50
51,The Great Orionian Imperium,2652.0,51,51
52,The Vesperan Technocracy,2646.0,52,52
53,The Kaeluman AI Hegemony,2378.0,53,53
54,The Solari Technocracy,2328.0,54,54
55,The Solari Star Empire,2171.0,55,55
56,The Aurelan Technocracy,2079.0,56,56
57,The Valite Technocracy,2066.0,57,57
58,The Great Bulgan Imperium,2064.0,58,58
59,The Zelian AI Hegemony,2061.0,59,59
60,The Solite Technocracy,2041.0,60,60
61,The Great Sigma-bulgis Imperium,2027.0,61,61
62,The Consolidated Gaeian Systems,2022.0,62,62
63,The Perseite AI Hegemony,1983.0,63,63
64,The Great Xenoid Imperium,1969.0,64,64
65,The Thranan Technocracy,1964.0,65,65
66,The Great Persean Imperium,1914.0,66,66
67,The Aurelan Star Empire,1898.0,67,67
68,The Gamma-galacticis Technocracy,1895.0,68,68
69,The Aurelis AI Hegemony,1888.0,69,69
70,The Meran AI Hegemony,1868.0,70,70
71,The Zylarian Technocracy,1867.0,71,71
72,The Consolidated Epsilon-perseis Systems,1862.0,72,72
73,The Great Tau-galacticis Imperium,1819.0,73,73
74,The Consolidated Zelari Systems,1807.0,74,74
75,The Consolidated Aurelari Systems,1794.0,75,75
76,The Perseian Technocracy,1782.0,76,76
77,The Consolidated Persean Systems,1763.0,77,77
78,The Great Solis Imperium,1759.0,78,78
79,The Zylaran AI Hegemony,1757.0,79,79
80,The Consolidated Orionan Systems,1749.0,80,80
81,The Great Orionan Imperium,1748.0,81,81
82,The Great Xenex Imperium,1745.0,82,82
83,The Consolidated Soloid Systems,1732.0,83,83
84,The Solex Star Empire,1722.0,84,84
85,The Aethelgardan AI Hegemony,1721.0,85,85
86,The Omega-bulgis AI Hegemony,1720.0,86,86
87,The Zylarex AI Hegemony,1720.0,87,87
88,The Gamma-cygnis Technocracy,1715.0,88,88
89,The Great Dominion Imperium,1701.0,89,89
90,The Thranis Technocracy,1699.0,90,90
91,The Consolidated Delta-bulgis Systems,1699.0,91,91
92,The Nu-cygnis Star Empire,1691.0,92,92
93,The Consolidated Aethelgardan Systems,1681.0,93,93
94,The Meroid Technocracy,1672.0,94,94
95,The Iota-sagittariis Technocracy,1655.0,95,95
96,The Perseian AI Hegemony,1654.0,96,96
97,The Consolidated Merari Systems,1642.0,97,97
98,The Consolidated Thranian Systems,1640.0,98,98
99,The Great Beta-bulgis Imperium,1637.0,99,99
100,The Great Valis Imperium,1636.0,100,100
101,The Consolidated Orionite Systems,1633.0,101,101
102,The Consolidated Zeloid Systems,1627.0,102,102
103,The Great Merian Imperium,1618.0,103,103
104,The Great Orionex Imperium,1599.0,104,104
105,The Aureloid Star Empire,1596.0,105,105
106,The Valis AI Hegemony,1592.0,106,106
107,The Consolidated Thranis Systems,1590.0,107,107
108,The Thranite Technocracy,1577.0,108,108
109,The Great Vesperan Imperium,1574.0,109,109
110,The Vesperis Star Empire,1573.0,110,110
111,The Zelari AI Hegemony,1573.0,111,111
112,The Great Vesperis Imperium,1557.0,112,112
113,The Great Vesperari Imperium,1555.0,113,113
114,The Great Valari Imperium,1554.0,114,114
115,The Great Valian Imperium,1537.0,115,115
116,The Xenoid Technocracy,1535.0,116,116
117,The Great Solex Imperium,1530.0,117,117
118,The Consolidated Meroid Systems,1529.0,118,118
119,The Great Thranite Imperium,1524.0,119,119
120,The Consolidated Valari Systems,1492.0,120,120
121,The Great Meroid Imperium,1492.0,121,121
122,The Great Zylaris Imperium,1491.0,122,122
123,The Aurelis Technocracy,1486.0,123,123
124,The Zylarian Star Empire,1483.0,124,124
125,The Vesperian AI Hegemony,1458.0,125,125
126,The Merex AI Hegemony,1446.0,126,126
127,The Consolidated Xi-sagittariis Systems,1441.0,127,127
128,The Galactician Star Empire,1439.0,128,128
129,The Great Zylarian Imperium,1436.0,129,129
130,The Consolidated Xenian Systems,1433.0,130,130
131,The Vesperari Technocracy,1430.0,131,131
132,The Cygnian Star Empire,1428.0,132,132
133,The Zylarex Star Empire,1415.0,133,133
134,The Galactician Technocracy,1412.0,134,134
135,The Great Valoid Imperium,1408.0,135,135
136,The Aureloid AI Hegemony,1397.0,136,136
137,The Zelis AI Hegemony,1385.0,137,137
138,The Orionan Star Empire,1381.0,138,138
139,The Great Kaelumite Imperium,1373.0,139,139
140,The Great Kaelumari Imperium,1372.0,140,140
141,The Great Aurelite Imperium,1369.0,141,141
142,The Bulgian Technocracy,1367.0,142,142
143,The Great Aurelari Imperium,1364.0,143,143
144,The Solian Star Empire,1358.0,144,144
145,The Great Theta-orionis Imperium,1345.0,145,145
146,The Meran Technocracy,1345.0,146,146
147,The Great Zelian Imperium,1342.0,147,147
148,The Orionan Technocracy,1341.0,148,148
149,The Thranis Star Empire,1335.0,149,149
150,The Meroid AI Hegemony,1329.0,150,150
151,The Bulgan Technocracy,1314.0,151,151
152,The Vesperian Star Empire,1309.0,152,152
153,The Sagittariite Technocracy,1301.0,153,153
154,The Primite Star Empire,1277.0,154,154
155,The Merian AI Hegemony,1260.0,155,155
156,The Sagittarian Technocracy,1259.0,156,156
157,The Great Orionis Imperium,1217.0,157,157
158,The Consolidated Kaelumex Systems,1214.0,158,158
159,The Vesperite AI Hegemony,1180.0,159,159
160,The Great Gamma-orionis Imperium,1176.0,160,160
161,The Gamma-sagittariis Technocracy,1155.0,161,161
162,The Consolidated Beta-bulgis Systems,1135.0,162,162
163,The Aurelian AI Hegemony,1133.0,163,163
164,The Persean AI Hegemony,1116.0,164,164
165,The Orionex AI Hegemony,1114.0,165,165
166,The Great Cygnian Imperium,1072.0,166,166
167,The Consolidated Aurelex Systems,1042.0,167,167
168,The Great Sagittarian Imperium,1039.0,168,168
169,The Aurelex Star Empire,1018.0,169,169
170,The Thranite Star Empire,970.0,170,170
171,739bb87006,610.0,171,171
172,7664b6b371,605.0,172,172
173,14c594f145,505.0,173,173
174,8f64eb0a84,405.0,174,174
175,Great-Great Defense Pact,300.0,175,175
176,The Great-Great Scientific Alliance,270.0,176,176
177,dc652af4e1,215.0,177,177
178,2640424e04,210.0,178,178
179,7c376afd56,210.0,179,179
180,adc1c77061,205.0,180,180
181,Great-Consolidated Defense Pact,180.0,181,181
182,Great-Scientific Defense Pact,180.0,182,182
183,Great-Unified Defense Pact,165.0,183,183
184,The Consolidated-Great Scientific Alliance,135.0,184,184
185,Consolidated-Consolidated Defense Pact,135.0,185,185
186,373ea01e5c,125.0,186,186
187,The Consolidated-Consolidated Scientific Alliance,120.0,187,187
188,Scientific-Great Defense Pact,120.0,188,188
189,Consolidated-Great Defense Pact,120.0,189,189
190,5d94c085f5,120.0,190,190
191,822326926a,120.0,191,191
192,8e17c1b492,120.0,192,192
193,ee9099d9b7,120.0,193,193
194,f8a4edc83b,115.0,194,194
195,23979e6a05,115.0,195,195
196,53856bd8ca,115.0,196,196
197,0ed21e60e5,115.0,197,197
198,4c67325ea2,110.0,198,198
199,b8c054770f,110.0,199,199
200,691ec52085,110.0,200,200
201,The Scientific-Great Scientific Alliance,90.0,201,201
202,Scientific-Consolidated Defense Pact,90.0,202,202
203,The Great-Consolidated Scientific Alliance,90.0,203,203
204,The Great-Unified Scientific Alliance,75.0,204,204
205,The Unified-Great Scientific Alliance,75.0,205,205
206,Unified-Unified Defense Pact,75.0,206,206
207,Scientific Kaeluman Union,72.0,207,207
208,Cygnian Directorate,66.0,208,208
209,1c90d82c80,65.0,209,209
210,176da50470,65.0,210,210
211,Great-Zylarian Defense Pact,60.0,211,211
212,The Galactician-Great Scientific Alliance,60.0,212,212
213,Consolidated-Scientific Defense Pact,60.0,213,213
214,Unified-Great Defense Pact,60.0,214,214
215,c6642b2284,60.0,215,215
216,6c40e5c997,60.0,216,216
217,1c4722b997,60.0,217,217
218,7bf42c3a49,60.0,218,218
219,Unified Orionian Council,56.0,219,219
220,f8c1278b86,55.0,220,220
221,a500abb373,55.0,221,221
222,9594053f90,55.0,222,222
223,185a68bac9,55.0,223,223
224,c4f121b6c1,55.0,224,224
225,70a115d461,55.0,225,225
226,26b5626b6c,55.0,226,226
227,2f0954acad,55.0,227,227
228,511ff78315,55.0,228,228
229,95cba99a70,55.0,229,229
230,033668785c,55.0,230,230
231,243eff68e3,55.0,231,231
232,5db2756626,55.0,232,232
233,962632e3ac,55.0,233,233
234,7315025cfd,55.0,234,234
235,c56a0b9792,55.0,235,235
236,494354518b,55.0,236,236
237,e4a60e62b6,55.0,237,237
238,c64460376e,55.0,238,238
239,6dfc531f16,55.0,239,239
240,36b91772ac,55.0,240,240
241,3c983bfdab,55.0,241,241
242,30e300e760,55.0,242,242
243,6fbfc2a11d,55.0,243,243
244,3c4760ddea,55.0,244,244
245,23094db297,55.0,245,245
246,642e75a08d,55.0,246,246
247,b619dd5fb5,55.0,247,247
248,3e1c9fe27e,55.0,248,248
249,6ebb371c3c,55.0,249,249
250,f4a721a47f,55.0,250,250
251,63d8758b53,55.0,251,251
252,415811daec,55.0,252,252
253,5b3c302325,55.0,253,253
254,e23dc5e375,55.0,254,254
255,4a9574c523,55.0,255,255
256,2a34070c99,55.0,256,256
257,6657429a7c,55.0,257,257
258,5f5ebcf2f5,55.0,258,258
259,a987357567,55.0,259,259
260,cf1fb521d7,55.0,260,260
261,a03b53100a,55.0,261,261
262,ad899b1ed9,55.0,262,262
263,7994a1ada7,55.0,263,263
264,82f9ee8fb4,55.0,264,264
265,a222a74ae8,55.0,265,265
266,f714a79195,55.0,266,266
267,f0cb6b0a91,55.0,267,267
268,7be35390be,55.0,268,268
269,7652ec5c8d,55.0,269,269
270,8bd71d17f7,55.0,270,270
271,71d820677a,55.0,271,271
272,be3191b575,55.0,272,272
273,b75dce1421,55.0,273,273
274,4c8e6a8540,55.0,274,274
275,76c64a14d6,55.0,275,275
276,517cb43ce0,55.0,276,276
277,8853384409,55.0,277,277
278,bda6417e80,55.0,278,278
279,37b8da7a55,55.0,279,279
280,d957806d32,55.0,280,280
281,d5f12251b2,55.0,281,281
282,094756ff65,55.0,282,282
283,78635879d1,55.0,283,283
284,62149b123f,55.0,284,284
285,4c3eb31272,55.0,285,285
286,0e67dd57aa,55.0,286,286
287,19190c022d,55.0,287,287
288,d0016e25b4,55.0,288,288
289,2b478a564d,55.0,289,289
290,23582772c8,55.0,290,290
291,61397f1d85,55.0,291,291
292,bcfcfb49cf,55.0,292,292
293,0b6029ea29,55.0,293,293
294,3557fb1c6f,55.0,294,294
295,9a629191f0,55.0,295,295
296,33e625a829,55.0,296,296
297,03fca7f787,55.0,297,297
298,bc259c8444,55.0,298,298
299,b4e38b5ba0,55.0,299,299
300,ed8eb43829,55.0,300,300
301,1e3994853e,55.0,301,301
302,9696ce2491,55.0,302,302
303,7036dbff3e,55.0,303,303
304,12f8de3472,55.0,304,304
305,afc6771a1e,55.0,305,305
306,da38a63176,55.0,306,306
307,f004cb791e,55.0,307,307
308,cd3cb2af45,55.0,308,308
309,5d262aaec3,55.0,309,309
310,931aa9655e,55.0,310,310
311,4164b650a3,55.0,311,311
312,785ce4730c,55.0,312,312
313,c87f4b2d09,55.0,313,313
314,c59e7444f5,55.0,314,314
315,41e5776038,55.0,315,315
316,cc71651dca,55.0,316,316
317,15c488fdb9,55.0,317,317
318,a9283be55d,55.0,318,318
319,b323933feb,55.0,319,319
320,8d88177d24,55.0,320,320
321,e1c4b2ed14,55.0,321,321
322,a568c633c8,55.0,322,322
323,0187c7d64a,55.0,323,323
324,354b63d6d6,55.0,324,324
325,8c80ad65b6,55.0,325,325
326,e6f9f9e411,55.0,326,326
327,24e153416d,55.0,327,327
328,eacab5ee97,55.0,328,328
329,5573af18db,55.0,329,329
330,2a8b6fc81d,55.0,330,330
331,dc0074adc3,55.0,331,331
332,91474e8269,55.0,332,332
333,f343101fe6,55.0,333,333
334,950050e41a,55.0,334,334
335,bbf8578e8c,55.0,335,335
336,2c64149009,55.0,336,336
337,43cb04ad80,55.0,337,337
338,3a375c2f6d,55.0,338,338
339,1a67be5b7f,55.0,339,339
340,9883f23173,55.0,340,340
341,60a971a839,55.0,341,341
342,0130446f7e,55.0,342,342
343,61dc46303f,55.0,343,343
344,996190e522,55.0,344,344
345,556d6c2378,55.0,345,345
346,4c2540c708,55.0,346,346
347,b7069c3852,55.0,347,347
348,f3f5dfde4c,55.0,348,348
349,22091a7056,55.0,349,349
350,2211d3100d,55.0,350,350
351,182edcdd37,55.0,351,351
352,2705d84a32,55.0,352,352
353,7e5521abbb,55.0,353,353
354,c3b1779520,55.0,354,354
355,e00bc2a5e5,55.0,355,355
356,b2c9872c2d,55.0,356,356
357,764f599826,55.0,357,357
358,31aeef2350,55.0,358,358
359,c1cc584fd5,55.0,359,359
360,f61290c372,55.0,360,360
361,13b6f1c19c,55.0,361,361
362,38d523ac80,55.0,362,362
363,8bc980ecf5,55.0,363,363
364,18daa88e4f,55.0,364,364
365,7c40c9ebf8,55.0,365,365
366,20af608f42,55.0,366,366
367,f03d90fb8f,55.0,367,367
368,e905d91038,55.0,368,368
369,85aec51e58,55.0,369,369
370,4836a15586,50.0,370,370
371,22b55b78e2,50.0,371,371
372,8a41c4ac34,50.0,372,372
373,15286fa1f5,50.0,373,373
374,c7c9fca9a1,50.0,374,374
375,73cb158d41,50.0,375,375
376,7419a59432,50.0,376,376
377,bb1351012f,50.0,377,377
378,3be9d94e07,50.0,378,378
379,d2748466c9,50.0,379,379
380,b6e89e8b4d,50.0,380,380
381,37df7ce9be,50.0,381,381
382,52d6d92e6b,50.0,382,382
383,ea27a17ca6,50.0,383,383
384,0bfb7074dd,50.0,384,384
385,d8145cd1f0,50.0,385,385
386,d853839dba,50.0,386,386
387,2173a01d64,50.0,387,387
388,6d4e0abb77,50.0,388,388
389,a425d5c923,50.0,389,389
390,9cad00795f,50.0,390,390
391,155f4eead5,50.0,391,391
392,35b25d7eaf,50.0,392,392
393,4e674c46b8,50.0,393,393
394,24423298c0,50.0,394,394
395,95985a8620,50.0,395,395
396,80be4440e8,50.0,396,396
397,c7a93adf27,50.0,397,397
398,df2217070a,50.0,398,398
399,53e4b98264,50.0,399,399
400,075b3fb3b1,50.0,400,400
401,d401178af2,50.0,401,401
402,db90f4ff25,50.0,402,402
403,cfec2df928,50.0,403,403
404,a189e2924d,50.0,404,404
405,65ea513ebb,50.0,405,405
406,bceea7e00e,50.0,406,406
407,9875fc03a4,50.0,407,407
408,81601b2e5e,50.0,408,408
409,72196fa906,50.0,409,409
410,e3ba98a843,50.0,410,410
411,50f9748c73,50.0,411,411
412,cb16d2a5bc,50.0,412,412
413,cb312b9d86,50.0,413,413
414,53dc64803e,50.0,414,414
415,7df05aba52,50.0,415,415
416,e99c95009e,50.0,416,416
417,6957a14d13,50.0,417,417
418,8eadd942b0,50.0,418,418
419,5578b4053f,50.0,419,419
420,22e010a52d,50.0,420,420
421,0895acc0af,50.0,421,421
422,cd650c58ff,50.0,422,422
423,208f64f5f9,50.0,423,423
424,b53d4251d2,50.0,424,424
425,2b100070c5,50.0,425,425
426,a067552faf,50.0,426,426
427,9dbca7c528,50.0,427,427
428,26a6b7dcc3,50.0,428,428
429,87f864fe83,50.0,429,429
430,3ba7df6ae1,50.0,430,430
431,a31575c86a,50.0,431,431
432,98fbfa35fa,50.0,432,432
433,6eb9b1daf2,50.0,433,433
434,07a0027478,50.0,434,434
435,7f4ec7825c,50.0,435,435
436,a1d0ea467a,50.0,436,436
437,6d2f3e5ed1,50.0,437,437
438,63f01adf18,50.0,438,438
439,d378f96d17,50.0,439,439
440,56cd534bb7,50.0,440,440
441,c6e77e6789,50.0,441,441
442,ac4afd4a27,50.0,442,442
443,c5213edcba,50.0,443,443
444,2320e9a617,50.0,444,444
445,75a58165a0,50.0,445,445
446,b4221d6e15,50.0,446,446
447,b3ddaf54de,50.0,447,447
448,fa8159dac5,50.0,448,448
449,b0eb206a08,50.0,449,449
450,658cf93cc4,50.0,450,450
451,3b106fa102,50.0,451,451
452,e07661a882,50.0,452,452
453,71f4e16f01,50.0,453,453
454,ce97697488,50.0,454,454
455,4df0d9ee3b,50.0,455,455
456,88977397af,50.0,456,456
457,84a3d643c9,50.0,457,457
458,cadd62d564,50.0,458,458
459,724362e429,50.0,459,459
460,999c5041c4,50.0,460,460
461,06f00def5a,50.0,461,461
462,ca40b2e629,50.0,462,462
463,80d9c3cc28,50.0,463,463
464,9568bafb15,50.0,464,464
465,47e406daef,50.0,465,465
466,ad47c2dda3,50.0,466,466
467,5a9f1f61c7,50.0,467,467
468,02fd90e690,50.0,468,468
469,61550040fc,50.0,469,469
470,f0fcb8f048,50.0,470,470
471,b91403ddc4,50.0,471,471
472,58a2b00e32,50.0,472,472
473,98e5a44c50,50.0,473,473
474,e1017ed35e,50.0,474,474
475,ee6f8a466e,50.0,475,475
476,fc41667c54,50.0,476,476
477,2d7a6c7193,50.0,477,477
478,c4d87c45ee,50.0,478,478
479,634ad45f7e,50.0,479,479
480,75912c8e4c,50.0,480,480
481,c98968025a,50.0,481,481
482,55c2a4dc5e,50.0,482,482
483,3779c3fe76,50.0,483,483
484,cd01ef6fd0,50.0,484,484
485,20dcee6871,50.0,485,485
486,dffeed89fb,50.0,486,486
487,db6da7e17a,50.0,487,487
488,73573955bb,50.0,488,488
489,f929aa33ac,50.0,489,489
490,28d83c4b42,50.0,490,490
491,0ddd78edbb,50.0,491,491
492,df2f64c1a1,50.0,492,492
493,f27ca4fefa,50.0,493,493
494,7135e43d15,50.0,494,494
495,111ab1a74e,50.0,495,495
496,762d1b3438,50.0,496,496
497,11c4291fc3,50.0,497,497
498,c8c30fa0a1,50.0,498,498
499,41a9345e47,50.0,499,499
500,6edc6616b2,50.0,500,500
501,82b29167c3,50.0,501,501
502,5087e1422a,50.0,502,502
503,9eeb4737e9,50.0,503,503
504,35e0e185b7,50.0,504,504
505,52be76d999,50.0,505,505
506,2d148d0e47,50.0,506,506
507,a4eac32597,50.0,507,507
508,f94aaeed85,50.0,508,508
509,27d9c8dc46,50.0,509,509
510,2c89a9e0dc,50.0,510,510
511,c45231c414,50.0,511,511
512,189d8d8d1b,50.0,512,512
513,57f00e3f50,50.0,513,513
514,d427d38a9f,50.0,514,514
515,fce0550f04,50.0,515,515
516,f7a8fcf1b2,50.0,516,516
517,65154f1c30,50.0,517,517
518,38ade68c1e,50.0,518,518
519,fadaa4a404,50.0,519,519
520,ebda9e7b67,50.0,520,520
521,de8a7cab3b,50.0,521,521
522,e13216033f,50.0,522,522
523,bee1d78260,50.0,523,523
524,2320636026,50.0,524,524
525,e976b29c9d,50.0,525,525
526,303a3df484,50.0,526,526
527,0ad458611c,50.0,527,527
528,c2fe0ab024,50.0,528,528
529,1cf19da3a9,50.0,529,529
530,fc241018ec,50.0,530,530
531,2c6958242d,50.0,531,531
532,8478dfd6f7,50.0,532,532
533,6f1e390274,50.0,533,533
534,b12b67a0db,50.0,534,534
535,5d6505f12a,50.0,535,535
536,ed45fe3a8d,50.0,536,536
537,b1f20b8a8c,50.0,537,537
538,0fa7096d5a,50.0,538,538
539,3c196b299c,50.0,539,539
540,862f6cbc45,50.0,540,540
541,22c13af7a1,50.0,541,541
542,ac70f57b73,50.0,542,542
543,e941b86692,50.0,543,543
544,8dcb447d0f,50.0,544,544
545,d1ebd8161b,50.0,545,545
546,d056d7ce4a,50.0,546,546
547,74136dc7b0,50.0,547,547
548,8fbf42f886,50.0,548,548
549,7388512271,50.0,549,549
550,b6ae409cbf,50.0,550,550
551,f7bd18e491,50.0,551,551
552,ff559623e3,50.0,552,552
553,a38e0777cd,50.0,553,553
554,e12feef736,50.0,554,554
555,fba15f0324,50.0,555,555
556,350e107aae,50.0,556,556
557,03d3903c7c,50.0,557,557
558,459f704847,50.0,558,558
559,575810e85b,50.0,559,559
560,92810d80b3,50.0,560,560
561,0cb785b3d6,50.0,561,561
562,57733c8324,50.0,562,562
563,467216187a,50.0,563,563
564,792f609a6f,50.0,564,564
565,3aa8ce54ee,50.0,565,565
566,83c39baf65,50.0,566,566
567,8e65d7f5b1,50.0,567,567
568,f0f8b2423b,50.0,568,568
569,83775e646f,50.0,569,569
570,2ed96a351c,50.0,570,570
571,11452e96e6,50.0,571,571
572,80ce70725d,50.0,572,572
573,4bf29f7756,50.0,573,573
574,8a78a0e229,50.0,574,574
575,b6d872712f,50.0,575,575
576,28f3b831a2,50.0,576,576
577,3c04f1e4d3,50.0,577,577
578,123f4d1fb7,50.0,578,578
579,15474381ae,50.0,579,579
580,f7ed0ea8ba,50.0,580,580
581,9d578c755a,50.0,581,581
582,f1337406a3,50.0,582,582
583,Scientific Kaelumari Union,48.0,583,583
584,The Consolidated-Unified Scientific Alliance,45.0,584,584
585,Consolidated-Kaelumis Defense Pact,45.0,585,585
586,Great-Sigma-orionis Defense Pact,45.0,586,586
587,The Unified-Sigma-orionis Scientific Alliance,45.0,587,587
588,Unified-Scientific Defense Pact,45.0,588,588
589,Unified-Allied Defense Pact,45.0,589,589
590,The Great-Aurelian Scientific Alliance,45.0,590,590
591,Consolidated Prometheian Worlds,45.0,591,591
592,35390a1939,45.0,592,592
593,5a236efd3f,45.0,593,593
594,81714ff4c3,45.0,594,594
595,Allied Kaelumex Systems,45.0,595,595
596,609e70586f,45.0,596,596
597,cb6235e194,45.0,597,597
598,Unified Xenis Council,43.0,598,598
599,Cygnan Commonwealth,42.0,599,599
600,Consolidated Xenoid Worlds,41.0,600,600
601,Orionan Directorate,41.0,601,601
602,f2bbbfc167,40.0,602,602
603,e47a782635,40.0,603,603
604,4c224c8349,40.0,604,604
605,Scientific Orionite Union,39.0,605,605
606,The Valoid Federation,37.0,606,606
607,Unified Zelian Council,35.0,607,607
608,4a7ef72f37,35.0,608,608
609,1b37c066da,35.0,609,609
610,c235dc422c,35.0,610,610
611,66d46fcd47,35.0,611,611
612,622de7102b,35.0,612,612
613,37a4cea3d7,35.0,613,613
614,Valis Commonwealth,34.0,614,614
615,The Bulgite Federation,33.0,615,615
616,Unified Orionis Council,31.0,616,616
617,Unified-Consolidated Defense Pact,30.0,617,617
618,Scientific-Allied Defense Pact,30.0,618,618
619,The Consolidated-Scientific Scientific Alliance,30.0,619,619
620,Allied-Great Defense Pact,30.0,620,620
621,The Great-Bulgian Scientific Alliance,30.0,621,621
622,Consolidated-Unified Defense Pact,30.0,622,622
623,The Scientific-Scientific Scientific Alliance,30.0,623,623
624,Cygnan-Cygnian Defense Pact,30.0,624,624
625,Unified Federation of Great and Great,30.0,625,625
626,Orionite-Great Defense Pact,30.0,626,626
627,The Unified-Unified Scientific Alliance,30.0,627,627
628,The Scientific-Unified Scientific Alliance,30.0,628,628
629,3a3695c8e9,30.0,629,629
630,095464621d,30.0,630,630
631,04b742dd38,30.0,631,631
632,38a2dd884c,30.0,632,632
633,096fc37df4,30.0,633,633
634,63803c4eb1,30.0,634,634
635,17fee1a6ac,30.0,635,635
636,b7f420628f,30.0,636,636
637,1a2a63b5eb,30.0,637,637
638,71efb681fc,30.0,638,638
639,Consolidated Aurelite Worlds,29.0,639,639
640,Allied Sagittariian Systems,29.0,640,640
641,Consolidated Orionite Worlds,29.0,641,641
642,Meroid Directorate,28.0,642,642
643,Beta-bulgis Directorate,28.0,643,643
644,Scientific Bulgite Union,28.0,644,644
645,Unified Orionoid Council,28.0,645,645
646,Allied Sagittariite Systems,28.0,646,646
647,Bulgian Directorate,28.0,647,647
648,Unified Orionite Council,28.0,648,648
649,The Meran Federation,26.0,649,649
650,Scientific Thranan Union,26.0,650,650
651,Aurelian Directorate,26.0,651,651
652,ee951bbfab,25.0,652,652
653,b2e833d309,25.0,653,653
654,947f74a852,25.0,654,654
655,187eb0978f,25.0,655,655
656,1bc76d1c73,25.0,656,656
657,d07bc4ae63,25.0,657,657
658,7ba9deb67e,25.0,658,658
659,927dbfac0b,25.0,659,659
660,Scientific Vesperari Union,25.0,660,660
661,Allied Orionite Systems,24.0,661,661
662,The Aurelis Federation,24.0,662,662
663,The Zylaran Federation,23.0,663,663
664,Consolidated Orionis Worlds,23.0,664,664
665,Orionite Directorate,23.0,665,665
666,Allied Thranian Systems,23.0,666,666
667,Solex Commonwealth,23.0,667,667
668,Scientific Merite Union,23.0,668,668
669,Zelis Directorate,23.0,669,669
670,The Aurelian Federation,23.0,670,670
671,Solari Directorate,23.0,671,671
672,Unified Persean Council,21.0,672,672
673,Allied Valis Systems,21.0,673,673
674,Kaelumian Directorate,21.0,674,674
675,Unified Zylarite Council,20.0,675,675
676,Orionian Directorate,20.0,676,676
677,Unified Xenian Council,20.0,677,677
678,Zylarite Directorate,20.0,678,678
679,Thranite Directorate,20.0,679,679
680,6a9427ac16,20.0,680,680
681,b28f9ec7d4,20.0,681,681
682,9891e1dd90,20.0,682,682
683,02b9381952,20.0,683,683
684,4b4e90bd89,20.0,684,684
685,37270686ec,20.0,685,685
686,f0ada7121c,20.0,686,686
687,Xenian Directorate,20.0,687,687
688,Consolidated Vesperan Worlds,20.0,688,688
689,Scientific Persean Union,20.0,689,689
690,The Thranis Federation,20.0,690,690
691,Unified Valis Council,20.0,691,691
692,Unified Orionan Council,20.0,692,692
693,Scientific Zelite Union,20.0,693,693
694,Aurelex Directorate,18.0,694,694
695,The Zelian Federation,18.0,695,695
696,Scientific Bulgian Union,18.0,696,696
697,Thranari Commonwealth,18.0,697,697
698,Allied Solian Systems,18.0,698,698
699,Unified Meroid Council,18.0,699,699
700,Unified Meran Council,18.0,700,700
701,Scientific Aurelan Union,18.0,701,701
702,Scientific Valian Union,18.0,702,702
703,Galactican Directorate,18.0,703,703
704,The Thranite Federation,18.0,704,704
705,Unified Thranis Council,18.0,705,705
706,Scientific Gaea-is Union,18.0,706,706
707,Consolidated Xenari Worlds,18.0,707,707
708,Thranan Directorate,18.0,708,708
709,Unified Vesperari Council,16.0,709,709
710,Unified Zelari Council,16.0,710,710
711,Scientific Vesperoid Union,16.0,711,711
712,Consolidated Solex Worlds,16.0,712,712
713,The Xi-sagittariis Federation,16.0,713,713
714,Unified Mu-perseis Council,16.0,714,714
715,Beta-bulgis Commonwealth,16.0,715,715
716,Vesperan Directorate,16.0,716,716
717,Orionite Commonwealth,16.0,717,717
718,The Aurelex Federation,16.0,718,718
719,"f8c1278b86,4836a15586",15.0,719,719
720,"9594053f90,22b55b78e2",15.0,720,720
721,Orionian-Great Defense Pact,15.0,721,721
722,"c4f121b6c1,7036dbff3e",15.0,722,722
723,Orionian-Consolidated Defense Pact,15.0,723,723
724,"c4f121b6c1,c98968025a",15.0,724,724
725,The Scientific-Valis Scientific Alliance,15.0,725,725
726,"26b5626b6c,8a41c4ac34",15.0,726,726
727,"26b5626b6c,15286fa1f5",15.0,727,727
728,The Valis-Great Scientific Alliance,15.0,728,728
729,"8a41c4ac34,15286fa1f5",15.0,729,729
730,"2f0954acad,c7c9fca9a1",15.0,730,730
731,"2f0954acad,9cad00795f",15.0,731,731
732,"2f0954acad,35b25d7eaf",15.0,732,732
733,"c7c9fca9a1,9cad00795f",15.0,733,733
734,"c7c9fca9a1,155f4eead5",15.0,734,734
735,"95cba99a70,73cb158d41",15.0,735,735
736,"95cba99a70,7419a59432",15.0,736,736
737,"95cba99a70,3be9d94e07",15.0,737,737
738,"73cb158d41,7419a59432",15.0,738,738
739,"73cb158d41,bb1351012f",15.0,739,739
740,"73cb158d41,3be9d94e07",15.0,740,740
741,"7419a59432,3be9d94e07",15.0,741,741
742,"033668785c,f8a4edc83b",15.0,742,742
743,"033668785c,d2748466c9",15.0,743,743
744,"f8a4edc83b,d2748466c9",15.0,744,744
745,"23979e6a05,b6e89e8b4d",15.0,745,745
746,"23979e6a05,03fca7f787",15.0,746,746
747,"23979e6a05,939c53fc68",15.0,747,747
748,"b6e89e8b4d,58a2b00e32",15.0,748,748
749,"5db2756626,37df7ce9be",15.0,749,749
750,"5db2756626,52d6d92e6b",15.0,750,750
751,"5db2756626,ea27a17ca6",15.0,751,751
752,"37df7ce9be,63fff6610a",15.0,752,752
753,"37df7ce9be,52d6d92e6b",15.0,753,753
754,"37df7ce9be,ea27a17ca6",15.0,754,754
755,"63fff6610a,52d6d92e6b",15.0,755,755
756,"63fff6610a,ea27a17ca6",15.0,756,756
757,Zylarex-Great Defense Pact,15.0,757,757
758,"962632e3ac,0bfb7074dd",15.0,758,758
759,Zylarex-Scientific Defense Pact,15.0,759,759
760,"962632e3ac,626215ebea",15.0,760,760
761,The Zylarex-Great Scientific Alliance,15.0,761,761
762,"962632e3ac,d8145cd1f0",15.0,762,762
763,"0bfb7074dd,626215ebea",15.0,763,763
764,"626215ebea,d8145cd1f0",15.0,764,764
765,"7315025cfd,d853839dba",15.0,765,765
766,"c56a0b9792,2173a01d64",15.0,766,766
767,"35390a1939,6d4e0abb77",15.0,767,767
768,"494354518b,a425d5c923",15.0,768,768
769,"9cad00795f,155f4eead5",15.0,769,769
770,The Great-Aethelgardan Scientific Alliance,15.0,770,770
771,"9cad00795f,4e674c46b8",15.0,771,771
772,"155f4eead5,35b25d7eaf",15.0,772,772
773,Consolidated-Aethelgardan Defense Pact,15.0,773,773
774,"155f4eead5,4e674c46b8",15.0,774,774
775,"e4a60e62b6,80be4440e8",15.0,775,775
776,Consolidated-Thranis Defense Pact,15.0,776,776
777,"e4a60e62b6,c7a93adf27",15.0,777,777
778,Great-Xenan Defense Pact,15.0,778,778
779,"24423298c0,95985a8620",15.0,779,779
780,Great-Kaelumis Defense Pact,15.0,780,780
781,"24423298c0,80be4440e8",15.0,781,781
782,The Great-Thranis Scientific Alliance,15.0,782,782
783,"24423298c0,c7a93adf27",15.0,783,783
784,The Xenan-Kaelumis Scientific Alliance,15.0,784,784
785,"95985a8620,80be4440e8",15.0,785,785
786,The Xenan-Thranis Scientific Alliance,15.0,786,786
787,"95985a8620,c7a93adf27",15.0,787,787
788,The Kaelumis-Allied Scientific Alliance,15.0,788,788
789,"80be4440e8,df2217070a",15.0,789,789
790,The Thranis-Allied Scientific Alliance,15.0,790,790
791,"c7a93adf27,df2217070a",15.0,791,791
792,"c64460376e,53e4b98264",15.0,792,792
793,"53e4b98264,14c594f145",15.0,793,793
794,"abb26e55dc,d401178af2",15.0,794,794
795,"075b3fb3b1,d401178af2",15.0,795,795
796,"3c983bfdab,db90f4ff25",15.0,796,796
797,"db90f4ff25,cfec2df928",15.0,797,797
798,"30e300e760,65ea513ebb",15.0,798,798
799,The Consolidated-Sagittariite Scientific Alliance,15.0,799,799
800,"65ea513ebb,7bf42c3a49",15.0,800,800
801,"6fbfc2a11d,81601b2e5e",15.0,801,801
802,"6fbfc2a11d,72196fa906",15.0,802,802
803,"bceea7e00e,72196fa906",15.0,803,803
804,"bceea7e00e,98fbfa35fa",15.0,804,804
805,"9875fc03a4,81601b2e5e",15.0,805,805
806,"9875fc03a4,72196fa906",15.0,806,806
807,"9875fc03a4,98fbfa35fa",15.0,807,807
808,Unified-Sigma-orionis Defense Pact,15.0,808,808
809,"81601b2e5e,72196fa906",15.0,809,809
810,"81601b2e5e,98fbfa35fa",15.0,810,810
811,Sigma-orionis-Sigma-orionis Defense Pact,15.0,811,811
812,"72196fa906,98fbfa35fa",15.0,812,812
813,"e3ba98a843,50f9748c73",15.0,813,813
814,The Cygnian-Gamma-cygnis Scientific Alliance,15.0,814,814
815,"3e1c9fe27e,cb16d2a5bc",15.0,815,815
816,Cygnian-Great Defense Pact,15.0,816,816
817,"3e1c9fe27e,340e3912e2",15.0,817,817
818,Gamma-cygnis-Great Defense Pact,15.0,818,818
819,"cb16d2a5bc,340e3912e2",15.0,819,819
820,The Solian-Scientific Scientific Alliance,15.0,820,820
821,"415811daec,53dc64803e",15.0,821,821
822,The Allied-Great Scientific Alliance,15.0,822,822
823,"947f74a852,7df05aba52",15.0,823,823
824,"e23dc5e375,6edc6616b2",15.0,824,824
825,"e23dc5e375,82b29167c3",15.0,825,825
826,"77811a2fa9,a067552faf",15.0,826,826
827,"77811a2fa9,c6642b2284",15.0,827,827
828,"4a9574c523,6957a14d13",15.0,828,828
829,Merex-Consolidated Defense Pact,15.0,829,829
830,"e99c95009e,6957a14d13",15.0,830,830
831,The Great-Perseian Scientific Alliance,15.0,831,831
832,"2a34070c99,d2f4557294",15.0,832,832
833,"2a34070c99,3b106fa102",15.0,833,833
834,Great-Allied Defense Pact,15.0,834,834
835,"2a34070c99,cb6235e194",15.0,835,835
836,"4c67325ea2,8eadd942b0",15.0,836,836
837,Unified-Perseian Defense Pact,15.0,837,837
838,"4c67325ea2,d2f4557294",15.0,838,838
839,"4c67325ea2,3b106fa102",15.0,839,839
840,"4c67325ea2,cb6235e194",15.0,840,840
841,"8eadd942b0,cb6235e194",15.0,841,841
842,The Perseian-Unified Scientific Alliance,15.0,842,842
843,"d2f4557294,3b106fa102",15.0,843,843
844,The Perseian-Allied Scientific Alliance,15.0,844,844
845,"d2f4557294,cb6235e194",15.0,845,845
846,The Solari-Unified Scientific Alliance,15.0,846,846
847,"5f5ebcf2f5,5578b4053f",15.0,847,847
848,"095464621d,22e010a52d",15.0,848,848
849,The Great-Sagittarian Scientific Alliance,15.0,849,849
850,"cf1fb521d7,0895acc0af",15.0,850,850
851,Great-Gamma-sagittariis Defense Pact,15.0,851,851
852,"cf1fb521d7,cd650c58ff",15.0,852,852
853,"cf1fb521d7,208f64f5f9",15.0,853,853
854,The Sagittarian-Scientific Scientific Alliance,15.0,854,854
855,"0895acc0af,208f64f5f9",15.0,855,855
856,Gamma-sagittariis-Scientific Defense Pact,15.0,856,856
857,"cd650c58ff,208f64f5f9",15.0,857,857
858,"ad899b1ed9,2b4452e77b",15.0,858,858
859,The Meroid-Consolidated Scientific Alliance,15.0,859,859
860,"b53d4251d2,2b4452e77b",15.0,860,860
861,The Unified-Bulgite Scientific Alliance,15.0,861,861
862,"7994a1ada7,2b100070c5",15.0,862,862
863,"a222a74ae8,c235dc422c",15.0,863,863
864,"a222a74ae8,9dbca7c528",15.0,864,864
865,"c235dc422c,9dbca7c528",15.0,865,865
866,"f0cb6b0a91,609e70586f",15.0,866,866
867,Great-Zelis Defense Pact,15.0,867,867
868,"f0cb6b0a91,a866d8dcfc",15.0,868,868
869,Scientific-Zelis Defense Pact,15.0,869,869
870,"609e70586f,a866d8dcfc",15.0,870,870
871,"609e70586f,26a6b7dcc3",15.0,871,871
872,"7be35390be,87f864fe83",15.0,872,872
873,"7be35390be,3ba7df6ae1",15.0,873,873
874,"7be35390be,edb45b6eec",15.0,874,874
875,"87f864fe83,edb45b6eec",15.0,875,875
876,"3ba7df6ae1,edb45b6eec",15.0,876,876
877,"fe5ce1f2b8,a31575c86a",15.0,877,877
878,"f0ada7121c,6eb9b1daf2",15.0,878,878
879,"f0ada7121c,07a0027478",15.0,879,879
880,"6eb9b1daf2,07a0027478",15.0,880,880
881,"8bd71d17f7,7f4ec7825c",15.0,881,881
882,"7f4ec7825c,a1d0ea467a",15.0,882,882
883,The Zylaran-Xenan Scientific Alliance,15.0,883,883
884,"71d820677a,3339448f7c",15.0,884,884
885,Consolidated-Xenan Defense Pact,15.0,885,885
886,"6d2f3e5ed1,3339448f7c",15.0,886,886
887,Unified Federation of Scientific and Consolidated,15.0,887,887
888,"be3191b575,63f01adf18",15.0,888,888
889,"b75dce1421,9568bafb15",15.0,889,889
890,"b75dce1421,47e406daef",15.0,890,890
891,"b75dce1421,ad47c2dda3",15.0,891,891
892,"b75dce1421,dffeed89fb",15.0,892,892
893,"b75dce1421,cd3cb2af45",15.0,893,893
894,"4c8e6a8540,9568bafb15",15.0,894,894
895,"4c8e6a8540,47e406daef",15.0,895,895
896,"517cb43ce0,d378f96d17",15.0,896,896
897,Great-Orionian Defense Pact,15.0,897,897
898,"d378f96d17,7664b6b371",15.0,898,898
899,The Orionian-Great Scientific Alliance,15.0,899,899
900,"7664b6b371,739bb87006",15.0,900,900
901,"bda6417e80,56cd534bb7",15.0,901,901
902,The Great-Persean Scientific Alliance,15.0,902,902
903,"bda6417e80,c6e77e6789",15.0,903,903
904,The Consolidated-Persean Scientific Alliance,15.0,904,904
905,"56cd534bb7,c6e77e6789",15.0,905,905
906,The Consolidated-Perseite Scientific Alliance,15.0,906,906
907,"56cd534bb7,ac4afd4a27",15.0,907,907
908,Persean-Perseite Defense Pact,15.0,908,908
909,"c6e77e6789,ac4afd4a27",15.0,909,909
910,"778b8b68c3,c5213edcba",15.0,910,910
911,"d957806d32,fcda05fc4e",15.0,911,911
912,"d957806d32,2320e9a617",15.0,912,912
913,Galactician-Great Defense Pact,15.0,913,913
914,"d957806d32,75a58165a0",15.0,914,914
915,"fcda05fc4e,75a58165a0",15.0,915,915
916,"2320e9a617,75a58165a0",15.0,916,916
917,"d5f12251b2,b4221d6e15",15.0,917,917
918,"d5f12251b2,b3ddaf54de",15.0,918,918
919,"d5f12251b2,02e103d2b6",15.0,919,919
920,"b4221d6e15,02e103d2b6",15.0,920,920
921,"b3ddaf54de,fa8159dac5",15.0,921,921
922,"b3ddaf54de,02e103d2b6",15.0,922,922
923,"b0eb206a08,529174abfd",15.0,923,923
924,"529174abfd,658cf93cc4",15.0,924,924
925,The Great-Aurelari Scientific Alliance,15.0,925,925
926,"094756ff65,e07661a882",15.0,926,926
927,Orionite-Scientific Defense Pact,15.0,927,927
928,"6c40e5c997,4df0d9ee3b",15.0,928,928
929,"ce97697488,4df0d9ee3b",15.0,929,929
930,"b8c054770f,37270686ec",15.0,930,930
931,"b8c054770f,b9be6a525a",15.0,931,931
932,Unified-Zylarex Defense Pact,15.0,932,932
933,"0e67dd57aa,88977397af",15.0,933,933
934,The Zylarex-Scientific Scientific Alliance,15.0,934,934
935,"88977397af,84a3d643c9",15.0,935,935
936,"19190c022d,cadd62d564",15.0,936,936
937,The Aurelian-Scientific Scientific Alliance,15.0,937,937
938,"2b478a564d,999c5041c4",15.0,938,938
939,Aurelian-Consolidated Defense Pact,15.0,939,939
940,"2b478a564d,06f00def5a",15.0,940,940
941,"999c5041c4,06f00def5a",15.0,941,941
942,The Solari-Great Scientific Alliance,15.0,942,942
943,"61397f1d85,ca40b2e629",15.0,943,943
944,Great-Vesperian Defense Pact,15.0,944,944
945,"ca40b2e629,80d9c3cc28",15.0,945,945
946,The Consolidated-Bulgian Scientific Alliance,15.0,946,946
947,"9568bafb15,47e406daef",15.0,947,947
948,"9568bafb15,ad47c2dda3",15.0,948,948
949,"9568bafb15,dffeed89fb",15.0,949,949
950,"9568bafb15,cd3cb2af45",15.0,950,950
951,The Bulgian-Consolidated Scientific Alliance,15.0,951,951
952,"47e406daef,dffeed89fb",15.0,952,952
953,Bulgian-Consolidated Defense Pact,15.0,953,953
954,"47e406daef,cd3cb2af45",15.0,954,954
955,"ad47c2dda3,dffeed89fb",15.0,955,955
956,"0b6029ea29,5a9f1f61c7",15.0,956,956
957,The Orionan-Scientific Scientific Alliance,15.0,957,957
958,"0ed21e60e5,5a9f1f61c7",15.0,958,958
959,Orionan-Great Defense Pact,15.0,959,959
960,"0ed21e60e5,02fd90e690",15.0,960,960
961,The Allied-Consolidated Scientific Alliance,15.0,961,961
962,"3557fb1c6f,61550040fc",15.0,962,962
963,"3557fb1c6f,f0fcb8f048",15.0,963,963
964,Allied-Zelian Defense Pact,15.0,964,964
965,"3557fb1c6f,691ec52085",15.0,965,965
966,"61550040fc,f0fcb8f048",15.0,966,966
967,The Aureloid-Consolidated Scientific Alliance,15.0,967,967
968,"33e625a829,b91403ddc4",15.0,968,968
969,"58a2b00e32,03fca7f787",15.0,969,969
970,"58a2b00e32,939c53fc68",15.0,970,970
971,"03fca7f787,939c53fc68",15.0,971,971
972,The Cygnan-Cygnan Scientific Alliance,15.0,972,972
973,"dc652af4e1,98e5a44c50",15.0,973,973
974,The Cygnan-Great Scientific Alliance,15.0,974,974
975,"dc652af4e1,e1017ed35e",15.0,975,975
976,"dc652af4e1,ee6f8a466e",15.0,976,976
977,Cygnan-Great Defense Pact,15.0,977,977
978,"98e5a44c50,e1017ed35e",15.0,978,978
979,"98e5a44c50,ee6f8a466e",15.0,979,979
980,Omega-bulgis-Unified Defense Pact,15.0,980,980
981,"ed8eb43829,2d7a6c7193",15.0,981,981
982,Omega-bulgis-Great Defense Pact,15.0,982,982
983,"ed8eb43829,c4d87c45ee",15.0,983,983
984,The Omega-bulgis-Unified Scientific Alliance,15.0,984,984
985,"ed8eb43829,62a7129a59",15.0,985,985
986,The Omega-bulgis-Consolidated Scientific Alliance,15.0,986,986
987,"ed8eb43829,28100766c8",15.0,987,987
988,"2d7a6c7193,c4d87c45ee",15.0,988,988
989,"2d7a6c7193,62a7129a59",15.0,989,989
990,The Unified-Consolidated Scientific Alliance,15.0,990,990
991,"2d7a6c7193,28100766c8",15.0,991,991
992,"1e3994853e,b28f9ec7d4",15.0,992,992
993,"1e3994853e,75912c8e4c",15.0,993,993
994,"b28f9ec7d4,634ad45f7e",15.0,994,994
995,"634ad45f7e,75912c8e4c",15.0,995,995
996,"9d449a31b9,a4eac32597",15.0,996,996
997,"9d449a31b9,f94aaeed85",15.0,997,997
998,Great-Thranari Defense Pact,15.0,998,998
999,"afc6771a1e,55c2a4dc5e",15.0,999,999
1000,"afc6771a1e,3779c3fe76",15.0,1000,1000
1001,The Thranari-Unified Scientific Alliance,15.0,1001,1001
1002,"55c2a4dc5e,3779c3fe76",15.0,1002,1002
1003,Thranari-Scientific Defense Pact,15.0,1003,1003
1004,"55c2a4dc5e,cd01ef6fd0",15.0,1004,1004
1005,"3779c3fe76,cd01ef6fd0",15.0,1005,1005
1006,"63803c4eb1,20dcee6871",15.0,1006,1006
1007,"da38a63176,8196db66b3",15.0,1007,1007
1008,Great-Orionite Defense Pact,15.0,1008,1008
1009,"db6da7e17a,73573955bb",15.0,1009,1009
1010,Unified Federation of Great and Bulgian,15.0,1010,1010
1011,"f2bbbfc167,f929aa33ac",15.0,1011,1011
1012,"28d83c4b42,0ddd78edbb",15.0,1012,1012
1013,The Thranan-Great Scientific Alliance,15.0,1013,1013
1014,"d7ec4d3018,adc1c77061",15.0,1014,1014
1015,The Orionite-Consolidated Scientific Alliance,15.0,1015,1015
1016,"931aa9655e,df2f64c1a1",15.0,1016,1016
1017,"931aa9655e,f27ca4fefa",15.0,1017,1017
1018,"df2f64c1a1,f27ca4fefa",15.0,1018,1018
1019,"4164b650a3,340ef3ab81",15.0,1019,1019
1020,"785ce4730c,7135e43d15",15.0,1020,1020
1021,Consolidated-Orionite Defense Pact,15.0,1021,1021
1022,"7135e43d15,dbf06f7273",15.0,1022,1022
1023,"7135e43d15,8f64eb0a84",15.0,1023,1023
1024,"dbf06f7273,8f64eb0a84",15.0,1024,1024
1025,"111ab1a74e,762d1b3438",15.0,1025,1025
1026,The Great-Vesperite Scientific Alliance,15.0,1026,1026
1027,"41e5776038,11c4291fc3",15.0,1027,1027
1028,"41e5776038,c8c30fa0a1",15.0,1028,1028
1029,"41e5776038,41a9345e47",15.0,1029,1029
1030,The Vesperite-Great Scientific Alliance,15.0,1030,1030
1031,"11c4291fc3,c8c30fa0a1",15.0,1031,1031
1032,"6edc6616b2,82b29167c3",15.0,1032,1032
1033,"1a2a63b5eb,9eeb4737e9",15.0,1033,1033
1034,Solex-Great Defense Pact,15.0,1034,1034
1035,"8e17c1b492,35e0e185b7",15.0,1035,1035
1036,"15c488fdb9,52be76d999",15.0,1036,1036
1037,The Allied-Scientific Scientific Alliance,15.0,1037,1037
1038,"2d148d0e47,a4eac32597",15.0,1038,1038
1039,The Consolidated-Perseian Scientific Alliance,15.0,1039,1039
1040,"a9283be55d,27d9c8dc46",15.0,1040,1040
1041,"a9283be55d,2c89a9e0dc",15.0,1041,1041
1042,Perseian-Great Defense Pact,15.0,1042,1042
1043,"27d9c8dc46,2c89a9e0dc",15.0,1043,1043
1044,"2c89a9e0dc,c45231c414",15.0,1044,1044
1045,Bulgan-Bulgian Defense Pact,15.0,1045,1045
1046,"c5f014b287,8d88177d24",15.0,1046,1046
1047,The Vesperan-Valite Scientific Alliance,15.0,1047,1047
1048,"0187c7d64a,189d8d8d1b",15.0,1048,1048
1049,The Vesperan-Great Scientific Alliance,15.0,1049,1049
1050,"0187c7d64a,d427d38a9f",15.0,1050,1050
1051,"f1337406a3,ecbe2dc98a",15.0,1051,1051
1052,The Orionex-Great Scientific Alliance,15.0,1052,1052
1053,"8c80ad65b6,65154f1c30",15.0,1053,1053
1054,"24e153416d,38ade68c1e",15.0,1054,1054
1055,Great-Solite Defense Pact,15.0,1055,1055
1056,"eacab5ee97,ebda9e7b67",15.0,1056,1056
1057,Solite-Unified Defense Pact,15.0,1057,1057
1058,"ebda9e7b67,de8a7cab3b",15.0,1058,1058
1059,"5573af18db,e13216033f",15.0,1059,1059
1060,"5573af18db,bee1d78260",15.0,1060,1060
1061,"2a8b6fc81d,2320636026",15.0,1061,1061
1062,"2a8b6fc81d,e976b29c9d",15.0,1062,1062
1063,"dc0074adc3,303a3df484",15.0,1063,1063
1064,"dc0074adc3,02b9381952",15.0,1064,1064
1065,Unified-Aurelian Defense Pact,15.0,1065,1065
1066,"303a3df484,02b9381952",15.0,1066,1066
1067,"08caaac3af,0ad458611c",15.0,1067,1067
1068,"08caaac3af,c2fe0ab024",15.0,1068,1068
1069,Vesperian-Great Defense Pact,15.0,1069,1069
1070,"91474e8269,32d2bbd884",15.0,1070,1070
1071,"f343101fe6,1cf19da3a9",15.0,1071,1071
1072,The Unified-Kaelumis Scientific Alliance,15.0,1072,1072
1073,"f343101fe6,fc241018ec",15.0,1073,1073
1074,The Unified-Merian Scientific Alliance,15.0,1074,1074
1075,"f343101fe6,2c6958242d",15.0,1075,1075
1076,Consolidated-Merian Defense Pact,15.0,1076,1076
1077,"1cf19da3a9,2c6958242d",15.0,1077,1077
1078,Kaelumis-Merian Defense Pact,15.0,1078,1078
1079,"fc241018ec,2c6958242d",15.0,1079,1079
1080,"950050e41a,7ec564c9db",15.0,1080,1080
1081,"950050e41a,f9c2058d1a",15.0,1081,1081
1082,Scientific-Zylarian Defense Pact,15.0,1082,1082
1083,"7ec564c9db,f9c2058d1a",15.0,1083,1083
1084,"2e4e7545f5,f9c2058d1a",15.0,1084,1084
1085,"bbf8578e8c,8478dfd6f7",15.0,1085,1085
1086,"bbf8578e8c,6f1e390274",15.0,1086,1086
1087,"8478dfd6f7,6f1e390274",15.0,1087,1087
1088,Kaelumis-Unified Defense Pact,15.0,1088,1088
1089,"6f1e390274,b12b67a0db",15.0,1089,1089
1090,"28728de334,5d6505f12a",15.0,1090,1090
1091,"2c64149009,ed45fe3a8d",15.0,1091,1091
1092,The Unified-Aurelan Scientific Alliance,15.0,1092,1092
1093,"2c64149009,b1f20b8a8c",15.0,1093,1093
1094,The Great-Aurelan Scientific Alliance,15.0,1094,1094
1095,"ed45fe3a8d,b1f20b8a8c",15.0,1095,1095
1096,"3a375c2f6d,0fa7096d5a",15.0,1096,1096
1097,The Scientific-Consolidated Scientific Alliance,15.0,1097,1097
1098,"1a67be5b7f,862f6cbc45",15.0,1098,1098
1099,"9883f23173,22c13af7a1",15.0,1099,1099
1100,"9883f23173,ac70f57b73",15.0,1100,1100
1101,"22c13af7a1,ac70f57b73",15.0,1101,1101
1102,"60a971a839,e941b86692",15.0,1102,1102
1103,The Great-Cygnian Scientific Alliance,15.0,1103,1103
1104,"60a971a839,8dcb447d0f",15.0,1104,1104
1105,Scientific-Unified Defense Pact,15.0,1105,1105
1106,"0130446f7e,d1ebd8161b",15.0,1106,1106
1107,"0130446f7e,d056d7ce4a",15.0,1107,1107
1108,The Unified-Scientific Scientific Alliance,15.0,1108,1108
1109,"d1ebd8161b,d056d7ce4a",15.0,1109,1109
1110,Scientific-Solari Defense Pact,15.0,1110,1110
1111,"d056d7ce4a,74136dc7b0",15.0,1111,1111
1112,Great-Vesperis Defense Pact,15.0,1112,1112
1113,"61dc46303f,8fbf42f886",15.0,1113,1113
1114,"61dc46303f,b6ae409cbf",15.0,1114,1114
1115,Vesperis-Unified Defense Pact,15.0,1115,1115
1116,"8fbf42f886,7388512271",15.0,1116,1116
1117,The Vesperis-Great Scientific Alliance,15.0,1117,1117
1118,"8fbf42f886,b6ae409cbf",15.0,1118,1118
1119,"7388512271,b6ae409cbf",15.0,1119,1119
1120,Orionan-Thranis Defense Pact,15.0,1120,1120
1121,"996190e522,f7bd18e491",15.0,1121,1121
1122,Meroid-Great Defense Pact,15.0,1122,1122
1123,"556d6c2378,a38e0777cd",15.0,1123,1123
1124,"f3f5dfde4c,e12feef736",15.0,1124,1124
1125,"f3f5dfde4c,fba15f0324",15.0,1125,1125
1126,"f3f5dfde4c,350e107aae",15.0,1126,1126
1127,"e12feef736,fba15f0324",15.0,1127,1127
1128,"e12feef736,350e107aae",15.0,1128,1128
1129,"fba15f0324,350e107aae",15.0,1129,1129
1130,The Consolidated-Thranari Scientific Alliance,15.0,1130,1130
1131,"2211d3100d,459f704847",15.0,1131,1131
1132,Thranari-Great Defense Pact,15.0,1132,1132
1133,"459f704847,575810e85b",15.0,1133,1133
1134,The Unified-Aurelis Scientific Alliance,15.0,1134,1134
1135,"2705d84a32,92810d80b3",15.0,1135,1135
1136,The Scientific-Allied Scientific Alliance,15.0,1136,1136
1137,"7e5521abbb,b9ec32251d",15.0,1137,1137
1138,Kaelumis-Great Defense Pact,15.0,1138,1138
1139,"7c376afd56,0cb785b3d6",15.0,1139,1139
1140,Consolidated-Allied Defense Pact,15.0,1140,1140
1141,"37a4cea3d7,467216187a",15.0,1141,1141
1142,"57733c8324,467216187a",15.0,1142,1142
1143,"b2c9872c2d,792f609a6f",15.0,1143,1143
1144,"b2c9872c2d,b9c3618013",15.0,1144,1144
1145,"b2c9872c2d,3aa8ce54ee",15.0,1145,1145
1146,"792f609a6f,b9c3618013",15.0,1146,1146
1147,"792f609a6f,3aa8ce54ee",15.0,1147,1147
1148,"764f599826,83c39baf65",15.0,1148,1148
1149,"31aeef2350,83775e646f",15.0,1149,1149
1150,"31aeef2350,2ed96a351c",15.0,1150,1150
1151,"c1cc584fd5,75447b1ce9",15.0,1151,1151
1152,"11452e96e6,75447b1ce9",15.0,1152,1152
1153,"80ce70725d,75447b1ce9",15.0,1153,1153
1154,Allied-Vesperan Defense Pact,15.0,1154,1154
1155,"13b6f1c19c,ee9099d9b7",15.0,1155,1155
1156,"38d523ac80,8a78a0e229",15.0,1156,1156
1157,"5fec320399,822326926a",15.0,1157,1157
1158,The Great-Scientific Scientific Alliance,15.0,1158,1158
1159,"18daa88e4f,b6d872712f",15.0,1159,1159
1160,Great-Aurelian Defense Pact,15.0,1160,1160
1161,"f03d90fb8f,123f4d1fb7",15.0,1161,1161
1162,"3c04f1e4d3,123f4d1fb7",15.0,1162,1162
1163,"3c04f1e4d3,15474381ae",15.0,1163,1163
1164,"e905d91038,f7ed0ea8ba",15.0,1164,1164
1165,"37270686ec,b9be6a525a",15.0,1165,1165
1166,"f0cb6b0a91,26a6b7dcc3",15.0,1166,1166
1167,"3b106fa102,cb6235e194",15.0,1167,1167
1168,"5a236efd3f,37270686ec",15.0,1168,1168
1169,"fadaa4a404,de8a7cab3b",15.0,1169,1169
1170,"bbf8578e8c,b12b67a0db",15.0,1170,1170
1171,Meroid-Consolidated Defense Pact,15.0,1171,1171
1172,"556d6c2378,ff559623e3",15.0,1172,1172
1173,"22091a7056,03d3903c7c",15.0,1173,1173
1174,"11452e96e6,80ce70725d",15.0,1174,1174
1175,The Consolidated-Allied Scientific Alliance,15.0,1175,1175
1176,"e4a60e62b6,df2217070a",15.0,1176,1176
1177,"d0016e25b4,724362e429",15.0,1177,1177
1178,The Consolidated-Kaelumis Scientific Alliance,15.0,1178,1178
1179,"1cf19da3a9,fc241018ec",15.0,1179,1179
1180,The Meris Federation,15.0,1180,1180
1181,Unified Aethelgardis Council,15.0,1181,1181
1182,Scientific Valan Union,15.0,1182,1182
1183,Consolidated Persean Worlds,15.0,1183,1183
1184,Unified Aurelari Council,15.0,1184,1184
1185,Scientific Xenan Union,15.0,1185,1185
1186,faf8d4b64a,15.0,1186,1186
1187,fe5ce1f2b8,15.0,1187,1187
1188,c1803ec34d,15.0,1188,1188
1189,a7f6005fd2,15.0,1189,1189
1190,Xenan Directorate,15.0,1190,1190
1191,Republic of Galactician,15.0,1191,1191
1192,Galactician Commonwealth,15.0,1192,1192
1193,Kaelumari Directorate,15.0,1193,1193
1194,Unified Zeloid Council,13.0,1194,1194
1195,Scientific Kaelumis Union,13.0,1195,1195
1196,Scientific Thranari Union,13.0,1196,1196
1197,The Perseian Federation,13.0,1197,1197
1198,Scientific Aureliis Union,13.0,1198,1198
1199,The Aureloid Federation,13.0,1199,1199
1200,Consolidated Zelari Worlds,13.0,1200,1200
1201,Consolidated Iota-perseis Worlds,13.0,1201,1201
1202,Allied Bulgan Systems,13.0,1202,1202
1203,Bulgan Commonwealth,13.0,1203,1203
1204,Consolidated Galactican Worlds,13.0,1204,1204
1205,Unified Vesperis Council,13.0,1205,1205
1206,Scientific Kaelumian Union,13.0,1206,1206
1207,Sagittarian Directorate,13.0,1207,1207
1208,Vesperari Directorate,13.0,1208,1208
1209,Unified Meris Council,13.0,1209,1209
1210,Bulgite Directorate,13.0,1210,1210
1211,Scientific Solex Union,13.0,1211,1211
1212,Scientific Eta-galacticis Union,13.0,1212,1212
1213,Unified Aurelan Council,13.0,1213,1213
1214,Aurelari Directorate,13.0,1214,1214
1215,Unified Kaelumex Council,13.0,1215,1215
1216,The Tau-galacticis Federation,13.0,1216,1216
1217,Unified Sagittariite Council,13.0,1217,1217
1218,Aurelis Commonwealth,13.0,1218,1218
1219,Sigma-bulgis Directorate,13.0,1219,1219
1220,Unified Aurelis Council,13.0,1220,1220
1221,Allied Chi-perseis Systems,10.0,1221,1221
1222,Allied Elysiis Systems,10.0,1222,1222
1223,Unified Xenan Council,10.0,1223,1223
1224,Unified Bulgan Council,10.0,1224,1224
1225,Zelex Directorate,10.0,1225,1225
1226,Scientific Merex Union,10.0,1226,1226
1227,Unified Merite Council,10.0,1227,1227
1228,Consolidated Cygnian Worlds,10.0,1228,1228
1229,Merian Directorate,10.0,1229,1229
1230,Unified Valite Council,10.0,1230,1230
1231,Zylarian Commonwealth,10.0,1231,1231
1232,ec5efdeb2d,10.0,1232,1232
1233,9aa2eff7c3,10.0,1233,1233
1234,abb26e55dc,10.0,1234,1234
1235,77811a2fa9,10.0,1235,1235
1236,984d4d4161,10.0,1236,1236
1237,08d81107e6,10.0,1237,1237
1238,778b8b68c3,10.0,1238,1238
1239,529174abfd,10.0,1239,1239
1240,d340e67e88,10.0,1240,1240
1241,71073d1e77,10.0,1241,1241
1242,62a7129a59,10.0,1242,1242
1243,9d449a31b9,10.0,1243,1243
1244,7dc225fd37,10.0,1244,1244
1245,d7ec4d3018,10.0,1245,1245
1246,cbdac2fac3,10.0,1246,1246
1247,7fdb421436,10.0,1247,1247
1248,c5f014b287,10.0,1248,1248
1249,ecbe2dc98a,10.0,1249,1249
1250,08caaac3af,10.0,1250,1250
1251,f9c2058d1a,10.0,1251,1251
1252,28728de334,10.0,1252,1252
1253,5fec320399,10.0,1253,1253
1254,0a6e8b3547,10.0,1254,1254
1255,f83f785370,10.0,1255,1255
1256,b9be6a525a,10.0,1256,1256
1257,15955262e1,10.0,1257,1257
1258,939c53fc68,10.0,1258,1258
1259,c3662e3808,10.0,1259,1259
1260,Solex Directorate,10.0,1260,1260
1261,Meris Directorate,10.0,1261,1261
1262,Scientific Orionian Union,10.0,1262,1262
1263,Unified Orionex Council,10.0,1263,1263
1264,Allied Soloid Systems,10.0,1264,1264
1265,Scientific Solan Union,10.0,1265,1265
1266,Unified Zylarian Council,10.0,1266,1266
1267,Scientific Valex Union,10.0,1267,1267
1268,Scientific Rho-perseis Union,10.0,1268,1268
1269,Consolidated Zelis Worlds,10.0,1269,1269
1270,Unified Sagittarian Council,10.0,1270,1270
1271,The Persean Federation,10.0,1271,1271
1272,Primite Directorate,10.0,1272,1272
1273,Aurelian Commonwealth,10.0,1273,1273
1274,Vesperian Directorate,10.0,1274,1274
1275,Unified Bulgite Council,10.0,1275,1275
1276,Kaelumite Commonwealth,10.0,1276,1276
1277,Kaelumis Directorate,10.0,1277,1277
1278,Consolidated Orionian Worlds,10.0,1278,1278
1279,Unified Sigma-orionis Council,10.0,1279,1279
1280,Zylarian Directorate,10.0,1280,1280
1281,Allied Aurelite Systems,10.0,1281,1281
1282,Scientific Xenite Union,10.0,1282,1282
1283,The Kaelumis Federation,8.0,1283,1283
1284,Scientific Orionis Union,8.0,1284,1284
1285,Allied Orionoid Systems,8.0,1285,1285
1286,Vesperan Commonwealth,8.0,1286,1286
1287,Consolidated Xenite Worlds,8.0,1287,1287
1288,Unified Thranan Council,8.0,1288,1288
1289,Consolidated Solite Worlds,8.0,1289,1289
1290,Perseian Commonwealth,8.0,1290,1290
1291,Allied Elysiian Systems,8.0,1291,1291
1292,The Chi-bulgis Federation,8.0,1292,1292
1293,Sagittariite Directorate,8.0,1293,1293
1294,Unified Solite Council,8.0,1294,1294
1295,Vesperite Commonwealth,8.0,1295,1295
1296,Consolidated Zylaris Worlds,8.0,1296,1296
1297,The Galactican Federation,8.0,1297,1297
1298,Allied Zylaris Systems,8.0,1298,1298
1299,Unified Zelex Council,8.0,1299,1299
1300,Scientific Solari Union,8.0,1300,1300
1301,Consolidated Galacticite Worlds,8.0,1301,1301
1302,Unified Theta-orionis Council,8.0,1302,1302
1303,Thranis Commonwealth,8.0,1303,1303
1304,Valari Directorate,8.0,1304,1304
1305,Zeloid Commonwealth,8.0,1305,1305
1306,Scientific Galacticite Union,5.0,1306,1306
1307,Zelis Commonwealth,5.0,1307,1307
1308,Zylarex Directorate,5.0,1308,1308
1309,Allied Orionan Systems,5.0,1309,1309
1310,Chi-bulgis Directorate,5.0,1310,1310
1311,Zelian Directorate,5.0,1311,1311
1312,The Vesperan Federation,5.0,1312,1312
1313,Unified Merian Council,5.0,1313,1313
1314,Unified Solex Council,5.0,1314,1314
1315,The Solari Federation,5.0,1315,1315
1316,Unified Orionari Council,5.0,1316,1316
1317,Xenex Directorate,5.0,1317,1317
1318,Scientific Zelex Union,5.0,1318,1318
1319,Unified Vesperoid Council,5.0,1319,1319
1320,63fff6610a,5.0,1320,1320
1321,626215ebea,5.0,1321,1321
1322,340e3912e2,5.0,1322,1322
1323,d2f4557294,5.0,1323,1323
1324,2b4452e77b,5.0,1324,1324
1325,f6221e08e8,5.0,1325,1325
1326,a866d8dcfc,5.0,1326,1326
1327,edb45b6eec,5.0,1327,1327
1328,3339448f7c,5.0,1328,1328
1329,fcda05fc4e,5.0,1329,1329
1330,02e103d2b6,5.0,1330,1330
1331,460d2edc1f,5.0,1331,1331
1332,8196db66b3,5.0,1332,1332
1333,340ef3ab81,5.0,1333,1333
1334,dbf06f7273,5.0,1334,1334
1335,32d2bbd884,5.0,1335,1335
1336,7ec564c9db,5.0,1336,1336
1337,2e4e7545f5,5.0,1337,1337
1338,28100766c8,5.0,1338,1338
1339,b9ec32251d,5.0,1339,1339
1340,b9c3618013,5.0,1340,1340
1341,75447b1ce9,5.0,1341,1341
1342,Allied Zeta-cygnis Systems,5.0,1342,1342
1343,Scientific Zelan Union,5.0,1343,1343
1344,Allied Sagittarian Systems,5.0,1344,1344
1345,Unified Perseian Council,5.0,1345,1345
1346,Cygnan Directorate,5.0,1346,1346
1347,Orionis Directorate,5.0,1347,1347
1348,Orionex Directorate,5.0,1348,1348
1349,The Aurelan Federation,5.0,1349,1349
1350,Allied Aurelan Systems,5.0,1350,1350
1351,Scientific Zeloid Union,5.0,1351,1351
1352,Scientific Zylaroid Union,5.0,1352,1352
1353,The Aethelgardan Federation,5.0,1353,1353
1354,Allied Thranari Systems,5.0,1354,1354
1355,Gamma-orionis Directorate,5.0,1355,1355
1356,Unified Valoid Council,5.0,1356,1356
1357,Unified Ignis-ivis Council,5.0,1357,1357
1358,Unified Zylaris Council,5.0,1358,1358
1359,Scientific Thranite Union,5.0,1359,1359
1360,Scientific Sagittarian Union,5.0,1360,1360
1361,Unified Theta-perseis Council,5.0,1361,1361
1362,Scientific Aureliite Union,5.0,1362,1362
1363,Bulgite Commonwealth,5.0,1363,1363
1364,Merari Directorate,5.0,1364,1364
1365,Xenoid Directorate,5.0,1365,1365
1366,Consolidated Thranoid Worlds,5.0,1366,1366
1367,Unified Omicron-galacticis Council,5.0,1367,1367
1368,Consolidated Aureloid Worlds,5.0,1368,1368
1369,Scientific Xenis Union,5.0,1369,1369
1370,Persean Directorate,5.0,1370,1370
1371,Scientific Xenoid Union,5.0,1371,1371
1372,Theta-orionis Commonwealth,5.0,1372,1372
1373,Gamma-cygnis Directorate,5.0,1373,1373
1374,Cygnite Directorate,5.0,1374,1374
1375,Gaeian Directorate,5.0,1375,1375
1376,Merex Directorate,5.0,1376,1376
1377,Perseian Directorate,5.0,1377,1377
1378,Gamma-sagittariis Directorate,5.0,1378,1378
1379,Soloid Directorate,5.0,1379,1379
1380,Consolidated Valan Worlds,5.0,1380,1380
1381,Unified Kaelumoid Council,5.0,1381,1381
1382,Consolidated Kaelumari Worlds,5.0,1382,1382
1383,Sigma-orionis Commonwealth,5.0,1383,1383
1384,Allied Bulgite Systems,5.0,1384,1384
1385,Scientific Aurelex Union,5.0,1385,1385
1386,Zylaris Directorate,5.0,1386,1386
1387,Unified Sigma-galacticis Council,5.0,1387,1387
1388,Unified Zylarex Council,5.0,1388,1388
1389,Dominion of Thranari,5.0,1389,1389
1390,Unified Aurelian Council,5.0,1390,1390
1391,Aureloid Directorate,5.0,1391,1391
1392,Scientific Xenex Union,5.0,1392,1392
1393,Kaeluman Directorate,5.0,1393,1393
1394,Unified Bulgian Council,5.0,1394,1394
1395,Consolidated Omega-cygnis Worlds,5.0,1395,1395
1396,Unified Xenoid Council,5.0,1396,1396
1397,The Delta-bulgis Federation,5.0,1397,1397
1398,Republic of Meroid,5.0,1398,1398
1399,The Thranari Federation,5.0,1399,1399
1400,Consolidated Zelite Worlds,5.0,1400,1400
1401,Scientific Zylarex Union,5.0,1401,1401
1402,Unified Vesperite Council,5.0,1402,1402
1403,Bulgan Directorate,5.0,1403,1403
1404,Zelari Commonwealth,5.0,1404,1404
1405,Scientific Orionoid Union,5.0,1405,1405
1406,Unified Zelan Council,5.0,1406,1406
1407,Scientific Zylaris Union,5.0,1407,1407
1408,Thranari Directorate,5.0,1408,1408
1409,Scientific Orionex Union,5.0,1409,1409
1410,Aurelan Commonwealth,5.0,1410,1410
1411,Allied Zylarian Systems,5.0,1411,1411
1412,Scientific Orionari Union,5.0,1412,1412
1413,The Nu-cygnis Federation,5.0,1413,1413
1414,Consolidated Valian Worlds,5.0,1414,1414
