lane_id,lane_type,source_star_id,target_star_id,route_length_ly,traffic_index,economic_value,security_level
LAN-00001,Military Corridor,1212d714,2e010e14,1009.45,487.27,487.27,0.983
LAN-00002,Hyperlane Route,1212d714,97cabe85,1370.11,392.8,471.36,0.71
LAN-00003,Hyperlane Route,1212d714,3e340926,1593.12,162.41,194.89,0.555
LAN-00004,Hyperlane Route,473dea70,213b5d5e,1125.91,123.23,147.88,0.803
LAN-00005,Hyperlane Route,473dea70,87c8e661,1159.54,340.45,408.54,0.748
LAN-00006,Hyperlane Route,473dea70,c6de0b3f,1401.99,108.23,129.88,0.839
LAN-00007,Military Corridor,26815867,09f83e94,301.05,716.22,716.22,0.88
LAN-00008,Hyperlane Route,26815867,15d7bd9d,334.14,172.73,207.28,0.564
LAN-00009,Hyperlane Route,26815867,d7d8cf00,542.44,221.7,266.04,0.684
LAN-00010,Hyperlane Route,8f82d3b5,1a5aea24,996.04,272.78,327.33,0.602
LAN-00011,Hyperlane Route,8f82d3b5,362c4daa,1104.61,344.74,413.69,0.549
LAN-00012,Hyperlane Route,8f82d3b5,6653749b,1337.27,216.86,260.23,0.628
LAN-00013,Hyperlane Route,b84e5edc,d7048c10,919.74,282.43,338.91,0.775
LAN-00014,Hyperlane Route,b84e5edc,6856e7d8,988.74,179.87,215.84,0.68
LAN-00015,Hyperlane Route,b84e5edc,5329a15a,1025.13,336.97,404.36,0.516
LAN-00016,Hyperlane Route,b7b3fe33,0fe5f7e9,1181.32,343.02,411.62,0.56
LAN-00017,Hyperlane Route,b7b3fe33,d30e3d14,1559.53,126.02,151.22,0.832
LAN-00018,Hyperlane Route,7845146e,74ba6a6c,1517.4,486.25,583.5,0.783
LAN-00019,Hyperlane Route,7845146e,85aca559,1558.41,221.85,266.21,0.534
LAN-00020,Hyperlane Route,7845146e,b7d66c4b,1758.78,373.69,448.43,0.654
LAN-00021,Hyperlane Route,042ce967,7f51e176,1127.17,148.82,178.58,0.673
LAN-00022,Hyperlane Route,042ce967,683712a6,1334.07,113.76,136.51,0.818
LAN-00023,Hyperlane Route,042ce967,c0f265f3,1650.62,203.51,244.21,0.732
LAN-00024,Hyperlane Route,b2056bd6,598e4966,1042.46,224.68,269.62,0.682
LAN-00025,Hyperlane Route,b2056bd6,29baa1fe,1818.13,318.68,382.42,0.565
LAN-00026,Hyperlane Route,59f5e50e,e80c473b,1524.22,487.83,585.4,0.771
LAN-00027,Hyperlane Route,59f5e50e,8619c625,1856.02,475.8,570.96,0.813
LAN-00028,Hyperlane Route,1bf94b9c,dc65b160,140.53,339.16,406.99,0.823
LAN-00029,Hyperlane Route,1bf94b9c,d819aef8,177.62,135.4,162.48,0.569
LAN-00030,Hyperlane Route,1bf94b9c,41cbbfa3,1004.09,118.09,141.71,0.614
LAN-00031,Hyperlane Route,850c3810,55c5fbe5,1424.29,255.47,306.57,0.595
LAN-00032,Hyperlane Route,850c3810,d2fe295c,1709.93,431.5,517.79,0.625
LAN-00033,Hyperlane Route,79de99a2,13c5f9fc,1258.24,212.37,254.85,0.69
LAN-00034,Hyperlane Route,79de99a2,002e0283,1298.17,156.37,187.64,0.781
LAN-00035,Hyperlane Route,683712a6,7f51e176,1831.06,129.82,155.78,0.845
LAN-00036,Military Corridor,683712a6,0d0603a9,1897.46,686.12,686.12,0.878
LAN-00037,Military Corridor,8589d2bc,c40db321,476.73,302.76,302.76,0.964
LAN-00038,Military Corridor,8589d2bc,3c2e37c0,634.67,653.43,653.43,0.952
LAN-00039,Military Corridor,8589d2bc,a9d80bfd,894.47,685.64,685.64,0.86
LAN-00040,Hyperlane Route,1ffcd021,5e2afd48,1124.69,243.39,292.06,0.541
LAN-00041,Trade Artery,1ffcd021,6cd46a40,1488.67,1363.1,3407.76,0.912
LAN-00042,Hyperlane Route,2a478f10,61da630c,1409.08,232.36,278.83,0.522
LAN-00043,Hyperlane Route,2a478f10,259a2489,1425.14,224.39,269.27,0.614
LAN-00044,Hyperlane Route,2a478f10,0597c038,1703.16,391.84,470.21,0.723
LAN-00045,Hyperlane Route,0fe5f7e9,d30e3d14,1283.36,454.89,545.86,0.665
LAN-00046,Hyperlane Route,0fe5f7e9,44ebb476,1341.35,147.84,177.41,0.75
LAN-00047,Hyperlane Route,e8a1b267,6c4e4824,690.08,404.31,485.18,0.696
LAN-00048,Trade Artery,e8a1b267,94bfa287,1111.55,1270.97,3177.42,0.889
LAN-00049,Hyperlane Route,e8a1b267,4e1371de,1940.34,309.09,370.91,0.65
LAN-00050,Hyperlane Route,9429fae3,731fdccc,554.77,110.17,132.2,0.538
LAN-00051,Hyperlane Route,9429fae3,3a7bc0a1,787.94,112.57,135.09,0.723
LAN-00052,Hyperlane Route,9429fae3,b7c960e0,1390.61,225.74,270.89,0.678
LAN-00053,Hyperlane Route,ebd6dd77,6bbf77b5,1361.62,463.03,555.63,0.587
LAN-00054,Hyperlane Route,ebd6dd77,f549dffa,1706.29,264.15,316.98,0.764
LAN-00055,Hyperlane Route,ebd6dd77,d2587cf7,1721.0,191.52,229.82,0.527
LAN-00056,Hyperlane Route,4928468b,0f3b2aa7,884.75,215.9,259.08,0.556
LAN-00057,Hyperlane Route,4928468b,1fa74e2c,1460.98,471.88,566.25,0.783
LAN-00058,Hyperlane Route,4928468b,d2721cee,1575.91,353.36,424.03,0.805
LAN-00059,Hyperlane Route,ee503b26,ab5f4c91,1152.72,421.47,505.76,0.565
LAN-00060,Trade Artery,ee503b26,dc600992,1553.56,1392.56,3481.4,0.897
LAN-00061,Hyperlane Route,ee503b26,3bb488d9,1560.24,422.98,507.57,0.814
LAN-00062,Hyperlane Route,a5aa5b1a,f8f7f09e,1082.0,227.2,272.64,0.539
LAN-00063,Hyperlane Route,a5aa5b1a,d34f2273,1134.25,191.17,229.41,0.649
LAN-00064,Hyperlane Route,a5aa5b1a,92ad9b56,1490.97,427.21,512.65,0.801
LAN-00065,Hyperlane Route,f8c6eeef,250f91a5,611.44,102.78,123.34,0.679
LAN-00066,Hyperlane Route,f8c6eeef,a6e30c3a,1566.33,266.96,320.36,0.578
LAN-00067,Hyperlane Route,f8c6eeef,de38b088,1862.1,147.95,177.54,0.618
LAN-00068,Hyperlane Route,3345c976,b7608074,1268.6,477.16,572.6,0.613
LAN-00069,Hyperlane Route,6c9a2d21,7890837c,1112.83,307.52,369.02,0.746
LAN-00070,Hyperlane Route,6c9a2d21,46e6691a,1852.79,245.45,294.54,0.84
LAN-00071,Hyperlane Route,786ed7da,6071d019,1091.62,484.98,581.97,0.588
LAN-00072,Hyperlane Route,786ed7da,50580b5b,1699.32,298.9,358.68,0.605
LAN-00073,Hyperlane Route,786ed7da,0103b4da,1979.04,213.94,256.72,0.513
LAN-00074,Hyperlane Route,bc8b8122,4d9a3ec0,922.15,343.83,412.59,0.676
LAN-00075,Hyperlane Route,bc8b8122,86262b1a,1175.6,120.59,144.71,0.598
LAN-00076,Hyperlane Route,bc8b8122,8ce2a06e,1344.89,463.31,555.97,0.584
LAN-00077,Hyperlane Route,6473ca1f,a98bf147,1654.03,157.96,189.55,0.671
LAN-00078,Hyperlane Route,f5086a77,fc890aa7,294.46,494.26,593.11,0.585
LAN-00079,Hyperlane Route,f5086a77,43c54e7c,1191.96,368.85,442.63,0.767
LAN-00080,Hyperlane Route,f5086a77,61bec44a,1243.12,195.06,234.07,0.755
LAN-00081,Hyperlane Route,1da6419e,8a275897,1459.98,247.11,296.54,0.721
LAN-00082,Hyperlane Route,1da6419e,b03c9a63,1523.91,353.41,424.09,0.688
LAN-00083,Hyperlane Route,1da6419e,b8cb383f,1996.08,136.12,163.34,0.792
LAN-00084,Hyperlane Route,e24dc40c,9396027d,1114.98,228.31,273.97,0.565
LAN-00085,Hyperlane Route,e24dc40c,ead7b9cf,1364.74,116.31,139.57,0.707
LAN-00086,Trade Artery,e24dc40c,017957c7,1516.61,1177.56,2943.91,0.803
LAN-00087,Military Corridor,2f81b056,bf8912d1,1317.65,556.05,556.05,0.882
LAN-00088,Hyperlane Route,2f81b056,936c287f,1612.0,358.07,429.68,0.561
LAN-00089,Hyperlane Route,65140e7f,a64f1752,952.53,376.38,451.65,0.635
LAN-00090,Hyperlane Route,65140e7f,02143620,1147.64,474.69,569.63,0.548
LAN-00091,Hyperlane Route,65140e7f,ea34b446,1206.07,236.43,283.71,0.54
LAN-00092,Hyperlane Route,c2048382,cd4e2500,988.07,469.88,563.85,0.807
LAN-00093,Hyperlane Route,c2048382,c7017b6e,1149.51,203.18,243.81,0.731
LAN-00094,Hyperlane Route,c2048382,d438f44d,1405.85,426.89,512.27,0.694
LAN-00095,Military Corridor,db74cbd4,465500fc,1187.65,564.83,564.83,0.884
LAN-00096,Military Corridor,db74cbd4,453749f1,1433.6,346.55,346.55,0.976
LAN-00097,Trade Artery,db74cbd4,a36c0a0c,1670.66,1400.42,3501.05,0.914
LAN-00098,Military Corridor,f37f6bfb,78111034,1011.11,469.51,469.51,0.899
LAN-00099,Military Corridor,f37f6bfb,af669957,1484.46,662.98,662.98,0.976
LAN-00100,Hyperlane Route,90b67f0c,abf1d9c6,1158.56,454.83,545.8,0.773
LAN-00101,Military Corridor,90b67f0c,0b5f3c94,1214.92,621.02,621.02,0.862
LAN-00102,Hyperlane Route,90b67f0c,0ba83e15,1256.57,164.65,197.58,0.814
LAN-00103,Hyperlane Route,d2721cee,1fa74e2c,1795.68,342.57,411.09,0.503
LAN-00104,Hyperlane Route,d2721cee,b7d01f01,1898.5,140.59,168.71,0.732
LAN-00105,Hyperlane Route,81ec4b80,52fb528a,1825.73,102.02,122.43,0.556
LAN-00106,Hyperlane Route,81ec4b80,8e7872ca,1863.95,319.49,383.39,0.742
LAN-00107,Hyperlane Route,16ea4658,5caca8b8,1266.96,360.78,432.94,0.578
LAN-00108,Trade Artery,16ea4658,478b3eaf,1544.97,1212.18,3030.45,0.843
LAN-00109,Hyperlane Route,16ea4658,92a495bd,1561.86,230.16,276.19,0.761
LAN-00110,Trade Artery,0b5f3c94,0ba83e15,1406.06,1149.63,2874.08,0.953
LAN-00111,Trade Artery,0b5f3c94,b05778ee,1642.81,1157.61,2894.03,0.902
LAN-00112,Military Corridor,db8fee6b,ce745aad,868.41,346.84,346.84,0.901
LAN-00113,Military Corridor,db8fee6b,dceddb79,1429.27,432.6,432.6,0.884
LAN-00114,Military Corridor,db8fee6b,214ff5b3,1445.88,786.51,786.51,0.905
LAN-00115,Hyperlane Route,74ba6a6c,b7d66c4b,589.42,456.82,548.18,0.721
LAN-00116,Hyperlane Route,74ba6a6c,1451b4fa,804.16,417.92,501.51,0.676
LAN-00117,Hyperlane Route,74ba6a6c,396949f1,1132.14,330.76,396.91,0.672
LAN-00118,Hyperlane Route,2b6f2de2,aba25f48,692.33,178.1,213.72,0.753
LAN-00119,Hyperlane Route,2b6f2de2,5a6feec9,880.91,212.31,254.77,0.509
LAN-00120,Trade Artery,2b6f2de2,74d538e3,1172.97,1145.47,2863.68,0.832
LAN-00121,Hyperlane Route,ec3d7b27,61da630c,1878.28,476.18,571.42,0.834
LAN-00122,Hyperlane Route,9e91243e,e00a227d,1137.72,465.95,559.13,0.63
LAN-00123,Hyperlane Route,9e91243e,95070db4,1957.08,106.18,127.42,0.825
LAN-00124,Hyperlane Route,25ca2697,2b588cf5,778.61,271.27,325.53,0.838
LAN-00125,Hyperlane Route,25ca2697,28fc036a,1267.5,485.45,582.54,0.799
LAN-00126,Hyperlane Route,25ca2697,0ced0011,1421.2,217.78,261.34,0.635
LAN-00127,Hyperlane Route,80efa36c,2d39dd9d,1324.14,440.45,528.55,0.611
LAN-00128,Hyperlane Route,80efa36c,27b516dd,1630.27,167.8,201.36,0.695
LAN-00129,Trade Artery,368a8d7b,311927b0,1107.37,1436.15,3590.39,0.925
LAN-00130,Military Corridor,368a8d7b,011cf1c0,1643.0,585.03,585.03,0.864
LAN-00131,Hyperlane Route,671fed61,a71fac37,1208.55,346.0,415.2,0.847
LAN-00132,Hyperlane Route,671fed61,da943616,1268.12,156.03,187.24,0.681
LAN-00133,Military Corridor,671fed61,25c7f883,1603.39,738.69,738.69,0.954
LAN-00134,Military Corridor,93dff340,f37c4c87,865.16,648.51,648.51,0.948
LAN-00135,Military Corridor,93dff340,8bbb3a73,1106.06,479.75,479.75,0.891
LAN-00136,Military Corridor,93dff340,5e6d8a25,1173.23,704.68,704.68,0.963
LAN-00137,Hyperlane Route,40a345dc,4a028784,625.17,446.83,536.19,0.82
LAN-00138,Hyperlane Route,40a345dc,6979b6fd,873.59,304.54,365.44,0.676
LAN-00139,Hyperlane Route,40a345dc,a576f5a6,954.01,419.32,503.18,0.727
LAN-00140,Military Corridor,d7d8cf00,819b78b5,511.37,650.98,650.98,0.961
LAN-00141,Hyperlane Route,d7d8cf00,15d7bd9d,576.64,456.0,547.2,0.618
LAN-00142,Hyperlane Route,cb10b9d5,714fa661,783.61,250.23,300.28,0.533
LAN-00143,Hyperlane Route,cb10b9d5,775c658a,863.8,331.31,397.57,0.513
LAN-00144,Hyperlane Route,cb10b9d5,c17b99d3,1664.42,286.24,343.49,0.69
LAN-00145,Hyperlane Route,4957ccf6,44ebb476,1659.9,214.62,257.54,0.707
LAN-00146,Military Corridor,4957ccf6,2b7c9993,1876.77,315.25,315.25,0.855
LAN-00147,Hyperlane Route,406368a5,415f2890,1022.96,429.04,514.85,0.626
LAN-00148,Hyperlane Route,406368a5,6d433985,1750.25,150.82,180.99,0.683
LAN-00149,Hyperlane Route,406368a5,ab40c2be,1809.11,408.0,489.6,0.576
LAN-00150,Hyperlane Route,f3ea4fd4,1340ed09,548.18,349.16,418.99,0.53
LAN-00151,Hyperlane Route,f3ea4fd4,d0061a5c,1385.19,120.67,144.81,0.686
LAN-00152,Military Corridor,f3ea4fd4,9b5044d0,1471.3,570.32,570.32,0.939
LAN-00153,Hyperlane Route,5aa2bc65,507fe63e,962.95,390.44,468.52,0.842
LAN-00154,Hyperlane Route,5aa2bc65,1b268570,1217.67,306.52,367.82,0.613
LAN-00155,Hyperlane Route,5aa2bc65,ab4c2378,1391.09,418.07,501.69,0.595
LAN-00156,Hyperlane Route,44eed999,8be48539,1220.59,275.59,330.71,0.527
LAN-00157,Trade Artery,44eed999,be9a64f4,1788.17,525.35,1313.38,0.973
LAN-00158,Hyperlane Route,44eed999,6071d019,1875.04,434.39,521.27,0.744
LAN-00159,Hyperlane Route,c138b771,c2e8b8f3,506.9,263.58,316.3,0.561
LAN-00160,Hyperlane Route,c138b771,fbb844dc,1822.15,162.57,195.09,0.588
LAN-00161,Hyperlane Route,c138b771,99ee6195,1926.69,319.69,383.63,0.75
LAN-00162,Military Corridor,8b08f1f9,7d9dadab,1127.94,630.1,630.1,0.889
LAN-00163,Military Corridor,8b08f1f9,d3029333,1373.3,777.43,777.43,0.953
LAN-00164,Military Corridor,8b08f1f9,3a01aada,1547.18,577.18,577.18,0.936
LAN-00165,Hyperlane Route,a868061e,f9805be0,1526.88,267.84,321.41,0.587
LAN-00166,Hyperlane Route,a868061e,de4cb43e,1673.05,242.39,290.87,0.765
LAN-00167,Hyperlane Route,6eed1243,9137b40b,356.67,105.76,126.91,0.541
LAN-00168,Hyperlane Route,6eed1243,18b7e715,801.21,118.4,142.08,0.514
LAN-00169,Hyperlane Route,6eed1243,b0e306a7,930.22,442.18,530.62,0.746
LAN-00170,Hyperlane Route,4ef3ab32,be184be6,1646.45,289.67,347.6,0.534
LAN-00171,Hyperlane Route,4ef3ab32,c195d72c,1702.72,296.65,355.98,0.666
LAN-00172,Hyperlane Route,61da630c,2dc6f993,1810.6,169.28,203.14,0.652
LAN-00173,Hyperlane Route,61da630c,ed0d997b,1816.37,259.4,311.28,0.716
LAN-00174,Hyperlane Route,b633c223,f3143f78,722.58,354.04,424.84,0.516
LAN-00175,Hyperlane Route,b633c223,0b27d229,912.9,249.85,299.81,0.719
LAN-00176,Hyperlane Route,b633c223,50580b5b,918.53,301.25,361.51,0.8
LAN-00177,Hyperlane Route,3b241cd5,6a0577ca,615.97,363.48,436.17,0.557
LAN-00178,Hyperlane Route,3b241cd5,7d9ab034,1143.33,128.23,153.87,0.725
LAN-00179,Hyperlane Route,3b241cd5,6672463b,1269.24,110.6,132.73,0.705
LAN-00180,Trade Artery,d45ea293,1d8d6567,1506.61,1440.23,3600.58,0.904
LAN-00181,Military Corridor,04b4a59c,bae7ca59,1767.81,494.08,494.08,0.94
LAN-00182,Hyperlane Route,ce948281,b0254239,1540.37,283.3,339.96,0.691
LAN-00183,Hyperlane Route,ce948281,69a94ba7,1609.46,476.59,571.9,0.635
LAN-00184,Trade Artery,9b029d06,1dd7aaec,1814.82,1461.19,3652.98,0.963
LAN-00185,Trade Artery,9b029d06,cb2ed0d3,1971.82,695.79,1739.48,0.812
LAN-00186,Hyperlane Route,164ae00a,b8cb383f,868.2,140.31,168.37,0.506
LAN-00187,Military Corridor,164ae00a,446ad83e,906.25,347.22,347.22,0.946
LAN-00188,Hyperlane Route,164ae00a,7ce49ce6,1239.95,128.48,154.17,0.612
LAN-00189,Hyperlane Route,0d51013f,0e11fed7,866.58,437.95,525.54,0.508
LAN-00190,Hyperlane Route,0d51013f,d7d8cf00,1189.62,425.79,510.94,0.599
LAN-00191,Hyperlane Route,0d51013f,15d7bd9d,1206.61,147.27,176.72,0.744
LAN-00192,Hyperlane Route,cbb9628c,492d6550,297.44,351.58,421.89,0.807
LAN-00193,Hyperlane Route,cbb9628c,6f445231,662.12,394.03,472.83,0.781
LAN-00194,Hyperlane Route,cbb9628c,5679a237,1482.04,212.81,255.38,0.562
LAN-00195,Hyperlane Route,acc9a13b,b6e83c30,1281.65,400.25,480.3,0.782
LAN-00196,Hyperlane Route,acc9a13b,cf466493,1452.74,496.2,595.44,0.644
LAN-00197,Hyperlane Route,acc9a13b,ecf07b9a,1719.73,248.81,298.57,0.772
LAN-00198,Hyperlane Route,c41d7cc7,071e610d,1266.0,236.32,283.59,0.826
LAN-00199,Hyperlane Route,c41d7cc7,7844b55a,1845.47,443.37,532.04,0.65
LAN-00200,Hyperlane Route,30b8f337,e3438189,597.29,400.35,480.42,0.764
LAN-00201,Hyperlane Route,30b8f337,7bf191e3,1465.8,141.25,169.5,0.816
LAN-00202,Hyperlane Route,5679a237,d168676a,363.46,302.1,362.52,0.789
LAN-00203,Hyperlane Route,5679a237,d92d04da,620.08,228.02,273.62,0.813
LAN-00204,Hyperlane Route,5679a237,ae74d7cd,1256.25,255.68,306.82,0.504
LAN-00205,Hyperlane Route,0f3b2aa7,46e6691a,1122.42,462.15,554.58,0.532
LAN-00206,Hyperlane Route,0f3b2aa7,1fa74e2c,1374.78,227.73,273.27,0.833
LAN-00207,Hyperlane Route,b2426014,26fb9c4d,1809.42,480.24,576.29,0.701
LAN-00208,Hyperlane Route,6071d019,27bf7451,1254.04,352.73,423.28,0.657
LAN-00209,Military Corridor,6071d019,80977950,1708.6,446.61,446.61,0.896
LAN-00210,Hyperlane Route,c2e8b8f3,fbb844dc,1570.17,369.01,442.81,0.763
LAN-00211,Hyperlane Route,f76d9126,02cc6626,1927.45,416.63,499.96,0.776
LAN-00212,Hyperlane Route,f76d9126,8bdfcdeb,1956.3,136.48,163.78,0.673
LAN-00213,Hyperlane Route,eceb4647,c5cfc443,1465.81,123.02,147.63,0.692
LAN-00214,Hyperlane Route,eceb4647,da943616,1727.82,276.61,331.93,0.811
LAN-00215,Hyperlane Route,f664a17f,15780515,1191.18,240.37,288.44,0.541
LAN-00216,Hyperlane Route,f664a17f,ac9e37f5,1756.46,157.2,188.64,0.767
LAN-00217,Hyperlane Route,f664a17f,22d967e2,1928.62,347.29,416.74,0.535
LAN-00218,Hyperlane Route,250f91a5,a6e30c3a,1747.29,133.64,160.37,0.745
LAN-00219,Hyperlane Route,250f91a5,2f94feaa,1814.68,129.11,154.93,0.788
LAN-00220,Hyperlane Route,59b14a3c,6153e43f,837.83,382.5,459.0,0.528
LAN-00221,Hyperlane Route,59b14a3c,1c9c4f97,1300.73,133.94,160.72,0.845
LAN-00222,Hyperlane Route,59b14a3c,bde8aa44,1383.3,249.71,299.65,0.63
LAN-00223,Hyperlane Route,d8fac1fb,da17f992,893.61,425.12,510.14,0.832
LAN-00224,Hyperlane Route,d8fac1fb,8f8174ae,1165.15,494.4,593.28,0.764
LAN-00225,Hyperlane Route,d8fac1fb,6b142b99,1205.51,250.5,300.6,0.529
LAN-00226,Hyperlane Route,3fab5cd5,186c1b06,1716.24,410.86,493.03,0.695
LAN-00227,Hyperlane Route,3fab5cd5,01fb818c,1935.98,269.69,323.63,0.817
LAN-00228,Hyperlane Route,d816e4a0,89ab3f2b,1181.75,144.48,173.37,0.672
LAN-00229,Hyperlane Route,d816e4a0,bc454e95,1295.89,104.54,125.45,0.664
LAN-00230,Military Corridor,d816e4a0,80d2e06b,1322.04,328.15,328.15,0.867
LAN-00231,Military Corridor,909275b3,dacd2e39,917.44,358.76,358.76,0.941
LAN-00232,Hyperlane Route,909275b3,5a9ad0d4,1169.73,398.42,478.1,0.704
LAN-00233,Hyperlane Route,909275b3,abd87d06,1670.1,484.87,581.84,0.631
LAN-00234,Military Corridor,4ad5d8f7,7fbfec95,929.86,442.86,442.86,0.972
LAN-00235,Military Corridor,4ad5d8f7,d509a726,972.79,411.8,411.8,0.985
LAN-00236,Military Corridor,4ad5d8f7,041365c9,995.55,306.08,306.08,0.986
LAN-00237,Hyperlane Route,3283abe6,6cb48572,1238.1,117.26,140.72,0.812
LAN-00238,Hyperlane Route,c3421be7,9fc21337,735.45,311.08,373.3,0.848
LAN-00239,Hyperlane Route,c3421be7,6d95ee33,1011.03,129.52,155.42,0.694
LAN-00240,Hyperlane Route,c3421be7,3e340926,1504.31,487.72,585.27,0.683
LAN-00241,Hyperlane Route,d69b07b4,6b142b99,729.39,351.76,422.11,0.744
LAN-00242,Hyperlane Route,d69b07b4,14401c4a,1085.02,281.82,338.18,0.72
LAN-00243,Hyperlane Route,d69b07b4,8f8174ae,1488.99,333.73,400.47,0.815
LAN-00244,Hyperlane Route,28d28df2,88137a6d,530.97,118.18,141.81,0.598
LAN-00245,Hyperlane Route,28d28df2,97305fd9,911.58,480.16,576.2,0.812
LAN-00246,Hyperlane Route,28d28df2,9be71bc0,1014.31,282.26,338.72,0.717
LAN-00247,Hyperlane Route,0ced0011,114225de,1534.08,210.95,253.14,0.566
LAN-00248,Hyperlane Route,0ced0011,622636ae,1544.1,285.48,342.58,0.624
LAN-00249,Hyperlane Route,b3175283,8e9aba61,335.76,333.46,400.15,0.527
LAN-00250,Hyperlane Route,b3175283,59e56112,1214.3,489.76,587.71,0.845
LAN-00251,Hyperlane Route,b3175283,40a345dc,1493.47,379.26,455.12,0.688
LAN-00252,Military Corridor,dbb1c841,0b27d229,727.4,454.76,454.76,0.964
LAN-00253,Military Corridor,dbb1c841,6a955b65,729.46,642.37,642.37,0.873
LAN-00254,Military Corridor,dbb1c841,b633c223,1268.01,755.46,755.46,0.965
LAN-00255,Hyperlane Route,2b176def,10fef2f7,1250.24,479.92,575.9,0.754
LAN-00256,Hyperlane Route,2b176def,c300631a,1265.22,345.37,414.44,0.646
LAN-00257,Hyperlane Route,2b176def,0e934d76,1496.3,473.09,567.71,0.803
LAN-00258,Hyperlane Route,2e29c6f2,013e2852,1660.98,118.09,141.7,0.509
LAN-00259,Hyperlane Route,2e29c6f2,bc3cf258,1827.86,250.59,300.7,0.784
LAN-00260,Hyperlane Route,4b0f0d92,08bcb72c,1255.5,494.91,593.89,0.553
LAN-00261,Hyperlane Route,4b0f0d92,58114dea,1293.09,337.65,405.18,0.633
LAN-00262,Hyperlane Route,4b0f0d92,7bffbd1a,1545.17,487.97,585.56,0.795
LAN-00263,Hyperlane Route,8121bb10,7990111d,795.4,435.33,522.4,0.664
LAN-00264,Hyperlane Route,8121bb10,85611719,1373.48,265.93,319.11,0.596
LAN-00265,Hyperlane Route,8121bb10,f436e82c,1672.86,122.55,147.06,0.803
LAN-00266,Hyperlane Route,b2f8c1eb,2deabc50,1277.22,425.16,510.19,0.85
LAN-00267,Hyperlane Route,b2f8c1eb,84767f1c,1340.72,498.65,598.39,0.694
LAN-00268,Hyperlane Route,b2f8c1eb,e7d83957,1838.49,407.59,489.11,0.831
LAN-00269,Hyperlane Route,85b3973d,1451b4fa,712.64,439.86,527.83,0.587
LAN-00270,Hyperlane Route,85b3973d,396949f1,997.23,280.22,336.26,0.545
LAN-00271,Hyperlane Route,85b3973d,f436e82c,1125.06,481.62,577.94,0.712
LAN-00272,Hyperlane Route,b7c960e0,d34f2273,749.13,191.46,229.75,0.735
LAN-00273,Hyperlane Route,b7c960e0,3a7bc0a1,878.85,347.25,416.7,0.625
LAN-00274,Hyperlane Route,b7c960e0,43e6a944,1246.05,145.42,174.51,0.735
LAN-00275,Hyperlane Route,bd331a31,a866c35c,417.16,308.12,369.75,0.77
LAN-00276,Hyperlane Route,bd331a31,caab8c4c,1816.0,308.07,369.68,0.798
LAN-00277,Hyperlane Route,bd331a31,e31a480e,1875.17,320.76,384.92,0.696
LAN-00278,Hyperlane Route,4c43d31b,2b588cf5,1670.91,450.66,540.79,0.641
LAN-00279,Hyperlane Route,4c43d31b,569fbf22,1768.45,153.61,184.33,0.51
LAN-00280,Hyperlane Route,4c43d31b,638cd7d3,1858.83,402.05,482.47,0.717
LAN-00281,Military Corridor,b47ab25f,5435315e,1529.56,652.04,652.04,0.88
LAN-00282,Hyperlane Route,77180e42,af72cbde,475.09,154.55,185.46,0.505
LAN-00283,Hyperlane Route,77180e42,ce33537e,711.39,240.24,288.28,0.706
LAN-00284,Hyperlane Route,77180e42,c17b99d3,976.04,256.9,308.28,0.653
LAN-00285,Hyperlane Route,e67b1191,61bec44a,1213.84,461.66,554.0,0.622
LAN-00286,Hyperlane Route,e67b1191,f5086a77,1990.77,305.6,366.71,0.774
LAN-00287,Trade Artery,d36832b5,5b4b85d0,1585.54,896.54,2241.36,0.912
LAN-00288,Military Corridor,d36832b5,9f4a1c32,1799.21,731.18,731.18,0.983
LAN-00289,Military Corridor,d36832b5,2e27cac0,1808.64,373.54,373.54,0.98
LAN-00290,Hyperlane Route,6c088403,998e9b84,99.47,296.85,356.22,0.59
LAN-00291,Hyperlane Route,6c088403,0103b4da,1411.34,283.65,340.39,0.843
LAN-00292,Hyperlane Route,6c088403,dcb9022b,1681.76,297.05,356.46,0.615
LAN-00293,Hyperlane Route,214ff5b3,ce745aad,1759.98,353.36,424.03,0.584
LAN-00294,Hyperlane Route,214ff5b3,59307c85,1943.15,130.35,156.41,0.545
LAN-00295,Hyperlane Route,e58f6e9b,b988e995,715.37,151.22,181.46,0.553
LAN-00296,Hyperlane Route,e58f6e9b,208ea3f1,995.36,155.53,186.64,0.724
LAN-00297,Hyperlane Route,e58f6e9b,9c76de8d,1047.02,172.75,207.3,0.621
LAN-00298,Hyperlane Route,27f627fe,811709f6,788.9,458.72,550.46,0.666
LAN-00299,Hyperlane Route,27f627fe,9afa0793,1275.06,367.02,440.43,0.56
LAN-00300,Hyperlane Route,27f627fe,4b184660,1615.95,176.92,212.3,0.514
LAN-00301,Hyperlane Route,af669957,57b3f2a1,770.17,167.57,201.09,0.598
LAN-00302,Hyperlane Route,af669957,213b5d5e,1567.32,170.8,204.97,0.531
LAN-00303,Hyperlane Route,ee22c265,1e6e8dbb,1026.85,148.25,177.91,0.661
LAN-00304,Military Corridor,ee22c265,c8ddee9a,1312.6,403.17,403.17,0.901
LAN-00305,Hyperlane Route,ee22c265,c6d6b3fd,1453.51,301.37,361.64,0.742
LAN-00306,Hyperlane Route,62f142e4,f7a8414d,612.52,115.72,138.87,0.78
LAN-00307,Hyperlane Route,62f142e4,2c17ff0f,833.45,351.16,421.39,0.529
LAN-00308,Hyperlane Route,822c2457,16375843,510.67,449.43,539.32,0.822
LAN-00309,Hyperlane Route,822c2457,a3ac89d4,608.74,124.43,149.32,0.597
LAN-00310,Hyperlane Route,822c2457,55523ac6,890.89,422.48,506.98,0.762
LAN-00311,Hyperlane Route,8505d132,a9ae6991,1396.97,173.81,208.57,0.573
LAN-00312,Hyperlane Route,8505d132,eefc5767,1773.41,248.19,297.83,0.67
LAN-00313,Military Corridor,2b7c9993,3630a31c,1089.13,609.13,609.13,0.902
LAN-00314,Military Corridor,2b7c9993,44ebb476,1407.75,531.27,531.27,0.955
LAN-00315,Trade Artery,2b7c9993,ec18573c,1743.37,536.68,1341.71,0.845
LAN-00316,Hyperlane Route,46e6691a,4928468b,1805.24,385.34,462.41,0.813
LAN-00317,Military Corridor,8cc8bea1,1699edb3,815.21,555.84,555.84,0.924
LAN-00318,Hyperlane Route,8cc8bea1,fd93db79,1394.61,142.87,171.44,0.657
LAN-00319,Hyperlane Route,8cc8bea1,a1205430,1494.96,313.05,375.66,0.585
LAN-00320,Military Corridor,203928c6,abf1d9c6,548.29,434.62,434.62,0.903
LAN-00321,Military Corridor,203928c6,90b67f0c,1336.15,310.04,310.04,0.895
LAN-00322,Military Corridor,203928c6,a313cafe,1412.79,405.72,405.72,0.896
LAN-00323,Hyperlane Route,9396027d,ead7b9cf,839.0,147.9,177.49,0.812
LAN-00324,Hyperlane Route,9396027d,017957c7,1209.87,337.44,404.92,0.738
LAN-00325,Hyperlane Route,533617b2,04b2c790,1723.89,415.67,498.8,0.674
LAN-00326,Trade Artery,f5a12cb1,305333b9,703.77,586.92,1467.3,0.897
LAN-00327,Hyperlane Route,f5a12cb1,1b6f34f6,908.64,334.74,401.68,0.761
LAN-00328,Hyperlane Route,f5a12cb1,c3b2836b,1056.98,272.66,327.2,0.545
LAN-00329,Military Corridor,d0a60299,819b78b5,729.76,441.89,441.89,0.901
LAN-00330,Hyperlane Route,d0a60299,26815867,776.75,358.37,430.04,0.7
LAN-00331,Hyperlane Route,d0a60299,d7d8cf00,919.35,242.44,290.93,0.845
LAN-00332,Hyperlane Route,2f9d083e,42a4e578,1593.41,342.31,410.77,0.583
LAN-00333,Hyperlane Route,e2d01aea,ba32b3bf,1045.99,140.71,168.86,0.554
LAN-00334,Hyperlane Route,61bec44a,fc890aa7,1397.44,198.38,238.06,0.556
LAN-00335,Hyperlane Route,0fadbf92,a578783b,718.75,174.63,209.55,0.6
LAN-00336,Hyperlane Route,0fadbf92,dbf53ab7,799.77,169.35,203.22,0.814
LAN-00337,Hyperlane Route,0fadbf92,2c60a1de,992.98,132.09,158.51,0.684
LAN-00338,Hyperlane Route,f27cc45d,04308117,1234.56,264.16,316.99,0.844
LAN-00339,Hyperlane Route,f27cc45d,eb2bf448,1614.54,144.82,173.78,0.639
LAN-00340,Hyperlane Route,5329a15a,1e8613e9,770.47,487.79,585.35,0.803
LAN-00341,Hyperlane Route,5329a15a,bd53a0a4,884.88,426.83,512.19,0.59
LAN-00342,Hyperlane Route,a578783b,e1716de2,706.73,168.36,202.03,0.734
LAN-00343,Hyperlane Route,a578783b,2c60a1de,806.55,471.75,566.1,0.695
LAN-00344,Hyperlane Route,85aca559,9c68fb17,1250.6,328.65,394.37,0.598
LAN-00345,Military Corridor,85aca559,09f83e94,1268.12,684.75,684.75,0.876
LAN-00346,Hyperlane Route,85aca559,15d7bd9d,1482.28,229.47,275.37,0.649
LAN-00347,Hyperlane Route,1756e17a,650ae5a0,1296.26,303.04,363.65,0.585
LAN-00348,Hyperlane Route,1756e17a,10fef2f7,1540.23,145.93,175.12,0.714
LAN-00349,Hyperlane Route,26fb9c4d,cd7f77fc,1492.49,215.45,258.54,0.703
LAN-00350,Trade Artery,26fb9c4d,4633ccff,1585.62,654.36,1635.91,0.887
LAN-00351,Hyperlane Route,26fb9c4d,ba7f60fd,1740.49,313.04,375.64,0.518
LAN-00352,Hyperlane Route,edc9d801,d7d8cf00,595.02,234.64,281.57,0.547
LAN-00353,Hyperlane Route,edc9d801,48b73528,604.51,125.35,150.42,0.846
LAN-00354,Trade Artery,edc9d801,819b78b5,647.43,822.35,2055.88,0.946
LAN-00355,Hyperlane Route,071e610d,7844b55a,1685.52,201.86,242.23,0.739
LAN-00356,Hyperlane Route,b03c9a63,8a275897,1160.45,404.09,484.91,0.708
LAN-00357,Hyperlane Route,b03c9a63,08d60348,1241.44,288.63,346.36,0.644
LAN-00358,Hyperlane Route,ec18573c,44ebb476,1781.02,239.55,287.46,0.825
LAN-00359,Hyperlane Route,ec18573c,3630a31c,1810.2,432.25,518.7,0.838
LAN-00360,Hyperlane Route,92ad9b56,2cd6a4ec,925.66,149.72,179.66,0.756
LAN-00361,Hyperlane Route,92ad9b56,d34f2273,1234.62,475.34,570.4,0.563
LAN-00362,Hyperlane Route,92ad9b56,c3b2836b,1237.66,126.6,151.92,0.759
LAN-00363,Military Corridor,09f83e94,15d7bd9d,291.26,587.24,587.24,0.968
LAN-00364,Military Corridor,09f83e94,d7d8cf00,776.11,369.89,369.89,0.961
LAN-00365,Hyperlane Route,87c8e661,c6de0b3f,696.6,180.65,216.78,0.557
LAN-00366,Hyperlane Route,87c8e661,32ceae76,1000.36,165.71,198.85,0.785
LAN-00367,Hyperlane Route,9a8edaf5,3e505d60,1552.19,366.08,439.29,0.683
LAN-00368,Hyperlane Route,9a8edaf5,e74ab968,1627.62,243.53,292.24,0.807
LAN-00369,Military Corridor,c973d2e2,82d87ebd,1910.58,496.22,496.22,0.964
LAN-00370,Hyperlane Route,57b3f2a1,213b5d5e,980.73,275.65,330.78,0.632
LAN-00371,Hyperlane Route,57b3f2a1,473dea70,1918.63,285.07,342.09,0.605
LAN-00372,Hyperlane Route,2b7fa0d2,bde8aa44,1760.44,399.04,478.85,0.676
LAN-00373,Hyperlane Route,6bbf77b5,e9b7af78,1221.91,192.89,231.46,0.815
LAN-00374,Hyperlane Route,6bbf77b5,f549dffa,1841.23,253.56,304.27,0.69
LAN-00375,Hyperlane Route,b2688685,59d5887c,648.66,462.59,555.11,0.718
LAN-00376,Hyperlane Route,b2688685,81be0011,1329.52,146.76,176.11,0.829
LAN-00377,Hyperlane Route,b2688685,07115d02,1354.51,351.08,421.3,0.617
LAN-00378,Hyperlane Route,ef2ea28a,6b36fdc7,453.42,155.71,186.85,0.778
LAN-00379,Hyperlane Route,ef2ea28a,f0857ddd,1297.55,348.03,417.63,0.687
LAN-00380,Hyperlane Route,c3277bff,28f9f5ed,700.97,457.56,549.07,0.776
LAN-00381,Hyperlane Route,c3277bff,7c2d6a19,995.33,160.67,192.8,0.609
LAN-00382,Hyperlane Route,c3277bff,1c505977,1176.28,199.4,239.27,0.76
LAN-00383,Hyperlane Route,6653749b,362c4daa,558.67,113.41,136.1,0.699
LAN-00384,Military Corridor,6653749b,6f116dc8,1442.23,681.23,681.23,0.973
LAN-00385,Hyperlane Route,56170639,6f0bddf7,1091.17,236.83,284.2,0.787
LAN-00386,Hyperlane Route,56170639,041365c9,1269.25,144.25,173.1,0.796
LAN-00387,Trade Artery,56170639,4ad5d8f7,1367.35,627.49,1568.72,0.872
LAN-00388,Trade Artery,160fb3bb,be184be6,1318.4,1297.3,3243.24,0.827
LAN-00389,Hyperlane Route,160fb3bb,6653749b,1447.74,191.7,230.04,0.753
LAN-00390,Trade Artery,160fb3bb,7ce49ce6,1687.28,1220.04,3050.09,0.915
LAN-00391,Hyperlane Route,00b07bcb,8ae1a0f7,1517.76,377.58,453.1,0.69
LAN-00392,Hyperlane Route,00b07bcb,a752370d,1557.18,200.72,240.86,0.621
LAN-00393,Military Corridor,1f5f96df,1699edb3,1884.72,390.8,390.8,0.977
LAN-00394,Hyperlane Route,1f5f96df,fd93db79,1914.3,333.36,400.03,0.64
LAN-00395,Hyperlane Route,95b4b25d,ac0c30d2,1610.24,284.8,341.76,0.832
LAN-00396,Military Corridor,95b4b25d,5e1e7929,1816.72,376.68,376.68,0.932
LAN-00397,Hyperlane Route,d87ca538,690119ba,1087.57,302.36,362.83,0.714
LAN-00398,Military Corridor,d87ca538,099ed5da,1971.82,309.06,309.06,0.972
LAN-00399,Hyperlane Route,43c54e7c,fc890aa7,1032.24,472.85,567.42,0.698
LAN-00400,Hyperlane Route,43c54e7c,030a27f0,1363.05,378.66,454.39,0.823
LAN-00401,Hyperlane Route,dd6fd373,acf540a2,1917.01,382.9,459.47,0.553
LAN-00402,Hyperlane Route,c5fa3bd8,41cbbfa3,1114.66,330.52,396.62,0.712
LAN-00403,Hyperlane Route,c5fa3bd8,d819aef8,1241.89,269.65,323.58,0.758
LAN-00404,Hyperlane Route,c5fa3bd8,dc65b160,1408.24,473.75,568.5,0.824
LAN-00405,Hyperlane Route,0b94ec1a,fc890aa7,1785.51,280.34,336.4,0.54
LAN-00406,Hyperlane Route,0b94ec1a,41bf3fe6,1867.53,493.94,592.72,0.794
LAN-00407,Hyperlane Route,7c2a7994,4c4652cc,1670.22,149.87,179.84,0.822
LAN-00408,Hyperlane Route,a9d80bfd,3c2e37c0,464.41,447.96,537.55,0.682
LAN-00409,Hyperlane Route,a9d80bfd,2e27cac0,504.66,336.51,403.81,0.64
LAN-00410,Military Corridor,a9d80bfd,5b4b85d0,555.75,327.38,327.38,0.897
LAN-00411,Hyperlane Route,6d433985,e8aa4c5b,939.91,421.14,505.37,0.502
LAN-00412,Hyperlane Route,6d433985,ab40c2be,1550.74,233.4,280.08,0.639
LAN-00413,Hyperlane Route,6d433985,eaefe5c4,1563.18,314.96,377.95,0.822
LAN-00414,Hyperlane Route,7c2d6a19,1c505977,1364.18,238.54,286.25,0.621
LAN-00415,Hyperlane Route,7c2d6a19,28f9f5ed,1367.73,395.0,474.0,0.658
LAN-00416,Hyperlane Route,103a7fb6,9ca455cb,515.96,189.84,227.81,0.658
LAN-00417,Hyperlane Route,103a7fb6,471dfbf1,674.33,156.34,187.61,0.562
LAN-00418,Hyperlane Route,103a7fb6,7d4687e1,694.98,299.35,359.22,0.647
LAN-00419,Hyperlane Route,9beac07b,8d111666,1563.85,465.94,559.13,0.627
LAN-00420,Hyperlane Route,9beac07b,136d39d5,1959.76,332.24,398.68,0.721
LAN-00421,Hyperlane Route,01dda016,52ec7811,1361.33,105.24,126.29,0.732
LAN-00422,Hyperlane Route,812a30fe,c99588e1,927.06,171.21,205.46,0.836
LAN-00423,Hyperlane Route,3c4f9e5b,bb3eb758,668.48,159.47,191.36,0.645
LAN-00424,Hyperlane Route,3c4f9e5b,659d98f7,1291.64,134.14,160.97,0.849
LAN-00425,Hyperlane Route,3c4f9e5b,eaac8b8c,1751.8,300.88,361.05,0.708
LAN-00426,Hyperlane Route,5d2da97a,97cabe85,1322.24,126.83,152.2,0.762
LAN-00427,Hyperlane Route,5d2da97a,ec97555c,1370.87,183.96,220.75,0.814
LAN-00428,Military Corridor,5d2da97a,099ed5da,1535.47,402.57,402.57,0.877
LAN-00429,Military Corridor,6c4e4824,94bfa287,1499.62,318.27,318.27,0.916
LAN-00430,Military Corridor,79ec7930,d339bd61,1506.43,582.42,582.42,0.859
LAN-00431,Trade Artery,f92fc03e,b84e5edc,1230.08,1275.53,3188.82,0.882
LAN-00432,Hyperlane Route,f92fc03e,6856e7d8,1295.71,309.76,371.71,0.654
LAN-00433,Hyperlane Route,f92fc03e,d7048c10,1446.21,260.31,312.37,0.696
LAN-00434,Hyperlane Route,5efb46bf,549a4949,989.66,162.1,194.52,0.564
LAN-00435,Hyperlane Route,5efb46bf,a0dfcd1d,1261.74,444.71,533.66,0.831
LAN-00436,Hyperlane Route,5efb46bf,68fc2563,1463.9,249.32,299.19,0.595
LAN-00437,Hyperlane Route,f9805be0,de4cb43e,1988.13,357.6,429.12,0.643
LAN-00438,Hyperlane Route,c1c7e2ce,d43ca547,1277.72,110.15,132.19,0.555
LAN-00439,Hyperlane Route,c1c7e2ce,472fc1f1,1402.17,386.39,463.67,0.731
LAN-00440,Military Corridor,c8ddee9a,1e6e8dbb,1156.04,313.55,313.55,0.881
LAN-00441,Trade Artery,c8ddee9a,c6d6b3fd,1555.14,731.07,1827.69,0.921
LAN-00442,Hyperlane Route,4d8147c6,78a24a27,972.31,107.88,129.46,0.536
LAN-00443,Hyperlane Route,4d8147c6,de4cb43e,1785.51,419.97,503.96,0.562
LAN-00444,Hyperlane Route,4d8147c6,ffd34728,1987.67,361.1,433.32,0.583
LAN-00445,Hyperlane Route,8524e506,97305fd9,1741.72,139.78,167.73,0.585
LAN-00446,Hyperlane Route,8524e506,c1877943,1866.78,388.91,466.69,0.799
LAN-00447,Trade Artery,1bb2c06e,2e010e14,1186.32,1330.22,3325.55,0.871
LAN-00448,Military Corridor,1bb2c06e,cd7f77fc,1431.49,634.04,634.04,0.879
LAN-00449,Military Corridor,1bb2c06e,f03f4852,1909.07,446.57,446.57,0.975
LAN-00450,Trade Artery,0d0603a9,6f116dc8,511.07,513.0,1282.5,0.815
LAN-00451,Trade Artery,0d0603a9,c195d72c,1074.46,707.89,1769.72,0.805
LAN-00452,Trade Artery,0d0603a9,be184be6,1831.72,681.44,1703.59,0.905
LAN-00453,Military Corridor,00df01a2,fc6e3f38,1184.01,510.71,510.71,0.975
LAN-00454,Hyperlane Route,00df01a2,e02e84ef,1698.13,426.98,512.37,0.62
LAN-00455,Hyperlane Route,00df01a2,d35f9ca4,1783.21,203.77,244.52,0.633
LAN-00456,Hyperlane Route,c5f5030b,3ce6b4ed,1618.08,336.12,403.34,0.594
LAN-00457,Hyperlane Route,c5f5030b,43dff816,1646.06,349.66,419.59,0.643
LAN-00458,Hyperlane Route,c5f5030b,103a7fb6,1717.08,320.82,384.98,0.653
LAN-00459,Hyperlane Route,a4ac28df,8d8c08b2,958.07,217.79,261.34,0.832
LAN-00460,Hyperlane Route,a4ac28df,dcc771d9,1887.42,405.44,486.53,0.549
LAN-00461,Hyperlane Route,e7d83957,84767f1c,833.82,447.39,536.86,0.671
LAN-00462,Hyperlane Route,e7d83957,2deabc50,1349.48,457.82,549.39,0.78
LAN-00463,Hyperlane Route,e7d83957,e85fd53e,1544.57,270.09,324.1,0.508
LAN-00464,Hyperlane Route,05438d53,bde8aa44,827.97,207.47,248.97,0.69
LAN-00465,Hyperlane Route,05438d53,59b14a3c,1548.35,353.39,424.07,0.59
LAN-00466,Hyperlane Route,05438d53,1c9c4f97,1604.87,155.74,186.89,0.792
LAN-00467,Hyperlane Route,7b6cab6d,8619c625,1286.93,493.76,592.51,0.684
LAN-00468,Hyperlane Route,7b6cab6d,dc19cee1,1689.52,168.67,202.41,0.595
LAN-00469,Hyperlane Route,7b6cab6d,41553110,1944.26,107.36,128.83,0.82
LAN-00470,Hyperlane Route,000fc54a,ab5f4c91,1849.34,147.1,176.52,0.702
LAN-00471,Trade Artery,446ad83e,b8cb383f,621.04,774.06,1935.14,0.9
LAN-00472,Trade Artery,446ad83e,f2adc5f9,1040.86,1151.42,2878.55,0.949
LAN-00473,Hyperlane Route,c2b6beeb,453b5577,1229.71,182.57,219.08,0.504
LAN-00474,Hyperlane Route,c2b6beeb,f91f82e6,1963.62,154.75,185.71,0.815
LAN-00475,Hyperlane Route,09687116,850445ce,1284.24,449.56,539.47,0.709
LAN-00476,Hyperlane Route,3353ef95,a1a777f9,1533.5,340.21,408.25,0.733
LAN-00477,Hyperlane Route,3353ef95,4b7fc619,1748.25,170.15,204.18,0.82
LAN-00478,Hyperlane Route,d43ca547,7c15adf4,1416.07,267.51,321.01,0.634
LAN-00479,Military Corridor,d43ca547,82d87ebd,1783.35,559.46,559.46,0.857
LAN-00480,Hyperlane Route,eefc5767,b2f4cac6,1270.43,166.51,199.82,0.758
LAN-00481,Hyperlane Route,eefc5767,850445ce,1757.53,133.12,159.74,0.711
LAN-00482,Hyperlane Route,2deabc50,84767f1c,738.34,198.14,237.77,0.636
LAN-00483,Hyperlane Route,627bb054,b2f4cac6,672.75,215.48,258.57,0.624
LAN-00484,Hyperlane Route,627bb054,b2688685,1813.34,387.62,465.14,0.604
LAN-00485,Hyperlane Route,627bb054,eefc5767,1878.62,326.56,391.87,0.667
LAN-00486,Hyperlane Route,07c2486a,a1da22ce,1186.29,365.47,438.56,0.828
LAN-00487,Hyperlane Route,07c2486a,459d033d,1799.34,393.03,471.63,0.575
LAN-00488,Hyperlane Route,998e9b84,0103b4da,1493.56,112.47,134.97,0.592
LAN-00489,Hyperlane Route,998e9b84,dcb9022b,1614.98,338.03,405.64,0.518
LAN-00490,Military Corridor,97f76f12,db8fee6b,1559.0,548.18,548.18,0.934
LAN-00491,Hyperlane Route,97f76f12,dceddb79,1670.29,233.7,280.44,0.77
LAN-00492,Hyperlane Route,97f76f12,18228d8b,1900.39,142.64,171.17,0.526
LAN-00493,Hyperlane Route,7f51e176,c0f265f3,1323.34,391.28,469.53,0.673
LAN-00494,Hyperlane Route,7f51e176,28f9f5ed,1680.75,375.36,450.43,0.652
LAN-00495,Military Corridor,e6225847,002e0283,1948.86,423.2,423.2,0.965
LAN-00496,Hyperlane Route,9652fc35,3a01aada,1023.11,419.77,503.72,0.743
LAN-00497,Hyperlane Route,9652fc35,7d9dadab,1437.53,208.86,250.63,0.707
LAN-00498,Hyperlane Route,9652fc35,a76c941f,1452.68,244.39,293.27,0.532
LAN-00499,Hyperlane Route,de38b088,250f91a5,1937.62,466.93,560.31,0.548
LAN-00500,Hyperlane Route,5c65e9ff,d3d826bd,751.19,480.09,576.11,0.656
LAN-00501,Hyperlane Route,5c65e9ff,4a028784,1028.64,174.05,208.86,0.69
LAN-00502,Hyperlane Route,5c65e9ff,a576f5a6,1230.68,449.18,539.01,0.756
LAN-00503,Hyperlane Route,9c236564,df21000a,1606.8,422.62,507.15,0.731
LAN-00504,Hyperlane Route,9c236564,51cdd6f8,1956.18,376.91,452.29,0.797
LAN-00505,Hyperlane Route,73ebb462,48b73528,337.93,199.87,239.84,0.671
LAN-00506,Hyperlane Route,73ebb462,edc9d801,734.67,188.48,226.18,0.846
LAN-00507,Hyperlane Route,73ebb462,d7d8cf00,1198.47,477.62,573.15,0.514
LAN-00508,Hyperlane Route,770abe37,d30e3d14,1467.96,382.23,458.68,0.824
LAN-00509,Hyperlane Route,770abe37,0fe5f7e9,1770.67,172.23,206.68,0.699
LAN-00510,Hyperlane Route,29b68348,5b5bc2e0,531.84,466.2,559.43,0.512
LAN-00511,Hyperlane Route,29b68348,419c001a,1280.84,378.97,454.76,0.604
LAN-00512,Hyperlane Route,29b68348,08c6dfdb,1704.69,469.76,563.71,0.84
LAN-00513,Hyperlane Route,85611719,f436e82c,782.35,477.71,573.25,0.666
LAN-00514,Hyperlane Route,85611719,396949f1,1347.25,444.82,533.78,0.796
LAN-00515,Military Corridor,311927b0,011cf1c0,965.73,459.55,459.55,0.966
LAN-00516,Hyperlane Route,f7a8414d,2c17ff0f,497.57,114.8,137.76,0.709
LAN-00517,Hyperlane Route,b3b883fb,f7fc01b9,974.43,192.0,230.4,0.542
LAN-00518,Hyperlane Route,b3b883fb,6f0bddf7,1243.99,130.78,156.94,0.744
LAN-00519,Military Corridor,b3b883fb,8494b7b9,1284.52,469.94,469.94,0.951
LAN-00520,Hyperlane Route,fbb17682,d487d983,1147.62,126.14,151.37,0.61
LAN-00521,Hyperlane Route,fbb17682,eb43d799,1184.24,315.8,378.96,0.777
LAN-00522,Hyperlane Route,fbb17682,8c2f26da,1479.32,227.5,273.0,0.719
LAN-00523,Military Corridor,2e27cac0,5b4b85d0,288.89,742.99,742.99,0.936
LAN-00524,Hyperlane Route,2e27cac0,3c2e37c0,720.81,193.18,231.82,0.509
LAN-00525,Military Corridor,36883286,9b62ffa7,1258.83,735.05,735.05,0.853
LAN-00526,Military Corridor,36883286,17cbbbf1,1422.68,737.35,737.35,0.924
LAN-00527,Military Corridor,36883286,998ab19a,1446.37,769.53,769.53,0.962
LAN-00528,Hyperlane Route,e7cf4d3c,bc8c7e21,997.26,499.17,599.01,0.623
LAN-00529,Hyperlane Route,e7cf4d3c,b0c841e9,1296.55,406.88,488.25,0.641
LAN-00530,Trade Artery,e7cf4d3c,06b92a40,1536.31,979.88,2449.69,0.913
LAN-00531,Hyperlane Route,4d0a7980,91772165,1536.14,449.47,539.37,0.844
LAN-00532,Hyperlane Route,18b7e715,9137b40b,642.44,407.31,488.77,0.646
LAN-00533,Hyperlane Route,18b7e715,b0e306a7,1364.03,268.54,322.25,0.758
LAN-00534,Hyperlane Route,ea707b16,2ec42605,459.27,195.51,234.61,0.539
LAN-00535,Hyperlane Route,ea707b16,638cd7d3,1428.48,241.85,290.22,0.601
LAN-00536,Hyperlane Route,ea707b16,478b3eaf,1633.83,218.52,262.23,0.582
LAN-00537,Hyperlane Route,33b9b258,76a53093,925.05,116.84,140.2,0.506
LAN-00538,Military Corridor,80977950,27bf7451,509.15,793.86,793.86,0.91
LAN-00539,Trade Artery,80977950,807c7f9a,1378.91,884.33,2210.82,0.922
LAN-00540,Military Corridor,80977950,57c88089,1544.38,409.13,409.13,0.983
LAN-00541,Trade Artery,a7851a37,607fd3e2,1987.05,1286.35,3215.86,0.816
LAN-00542,Hyperlane Route,2b4e30b7,aa55e7dd,626.29,267.03,320.44,0.808
LAN-00543,Hyperlane Route,2b4e30b7,4e1371de,1093.88,477.89,573.47,0.664
LAN-00544,Trade Artery,2b4e30b7,94bfa287,1518.21,1113.41,2783.53,0.83
LAN-00545,Hyperlane Route,9c76de8d,208ea3f1,486.83,496.47,595.76,0.581
LAN-00546,Hyperlane Route,9c76de8d,b988e995,1367.34,477.09,572.51,0.727
LAN-00547,Hyperlane Route,9341632f,ca42f12c,491.87,343.09,411.71,0.679
LAN-00548,Hyperlane Route,9341632f,42ab1d52,678.39,192.27,230.72,0.562
LAN-00549,Hyperlane Route,9341632f,29f54147,927.29,188.19,225.83,0.565
LAN-00550,Military Corridor,099ed5da,97cabe85,1440.62,689.79,689.79,0.899
LAN-00551,Hyperlane Route,15a7f31f,f89092d7,1258.6,123.14,147.76,0.839
LAN-00552,Hyperlane Route,5caca8b8,92a495bd,603.79,453.51,544.22,0.825
LAN-00553,Hyperlane Route,5caca8b8,478b3eaf,1128.56,497.96,597.56,0.561
LAN-00554,Hyperlane Route,ec6edc6a,ac0c30d2,813.34,258.5,310.2,0.765
LAN-00555,Hyperlane Route,b0e306a7,9137b40b,766.42,378.41,454.09,0.554
LAN-00556,Hyperlane Route,b0e306a7,936c287f,1286.07,426.33,511.6,0.579
LAN-00557,Hyperlane Route,22c61624,d2b9927f,1115.28,189.53,227.43,0.688
LAN-00558,Hyperlane Route,22c61624,c7017b6e,1170.57,337.18,404.61,0.703
LAN-00559,Hyperlane Route,22c61624,cd4e2500,1214.66,136.59,163.91,0.807
LAN-00560,Hyperlane Route,d34f2273,3a7bc0a1,1228.31,206.24,247.49,0.545
LAN-00561,Hyperlane Route,011cf1c0,446593d9,1533.8,455.5,546.6,0.834
LAN-00562,Hyperlane Route,14401c4a,8c6c8901,1046.28,444.85,533.82,0.783
LAN-00563,Hyperlane Route,14401c4a,94da746d,1364.94,362.1,434.52,0.693
LAN-00564,Hyperlane Route,b6e83c30,cf466493,670.33,134.79,161.75,0.643
LAN-00565,Hyperlane Route,b6e83c30,ecf07b9a,987.2,249.08,298.89,0.591
LAN-00566,Hyperlane Route,b6e83c30,42ab1d52,988.13,389.37,467.24,0.674
LAN-00567,Military Corridor,c99588e1,cb2ed0d3,1760.84,340.52,340.52,0.881
LAN-00568,Hyperlane Route,c99588e1,7ae2e81c,1926.06,373.3,447.96,0.527
LAN-00569,Hyperlane Route,622636ae,28fc036a,991.08,440.48,528.58,0.673
LAN-00570,Hyperlane Route,622636ae,bc8c7e21,1306.06,292.23,350.68,0.707
LAN-00571,Hyperlane Route,622636ae,efc41c68,1388.03,429.87,515.85,0.622
LAN-00572,Hyperlane Route,72b45f97,8405f8a2,838.62,371.21,445.45,0.698
LAN-00573,Hyperlane Route,72b45f97,8b7ab053,1157.05,206.81,248.17,0.808
LAN-00574,Hyperlane Route,72b45f97,06b92a40,1313.72,418.97,502.76,0.73
LAN-00575,Hyperlane Route,1334250b,17f2ba68,1848.84,440.23,528.28,0.804
LAN-00576,Hyperlane Route,1334250b,2f093a98,1994.46,383.35,460.01,0.793
LAN-00577,Hyperlane Route,8ae1a0f7,a752370d,1863.79,378.99,454.79,0.738
LAN-00578,Hyperlane Route,8ae1a0f7,3c2e37c0,1991.56,347.44,416.93,0.763
LAN-00579,Military Corridor,a752370d,7dce77da,1789.42,379.3,379.3,0.973
LAN-00580,Hyperlane Route,02cc6626,002e0283,1013.68,448.74,538.48,0.51
LAN-00581,Hyperlane Route,02cc6626,13c5f9fc,1342.67,430.33,516.39,0.545
LAN-00582,Hyperlane Route,9be71bc0,ef1ac7b4,968.88,234.05,280.86,0.76
LAN-00583,Hyperlane Route,9be71bc0,97305fd9,1166.35,164.3,197.16,0.786
LAN-00584,Hyperlane Route,0b27d229,6a955b65,577.0,432.85,519.42,0.678
LAN-00585,Hyperlane Route,9a580c1f,e93079dc,1813.91,102.55,123.07,0.6
LAN-00586,Hyperlane Route,9a580c1f,9ef225c5,1822.23,346.77,416.12,0.843
LAN-00587,Hyperlane Route,7ae00114,e5779426,1343.24,352.73,423.27,0.591
LAN-00588,Hyperlane Route,7ae00114,42877080,1415.17,353.6,424.32,0.689
LAN-00589,Hyperlane Route,7ae00114,b04073fa,1623.45,411.94,494.33,0.537
LAN-00590,Hyperlane Route,14b2600f,237e461a,764.25,404.41,485.29,0.689
LAN-00591,Hyperlane Route,14b2600f,e01906e3,1159.32,485.2,582.24,0.62
LAN-00592,Hyperlane Route,14b2600f,dcc771d9,1299.88,353.05,423.66,0.826
LAN-00593,Hyperlane Route,c537bcd2,7d9ab034,1237.07,141.0,169.2,0.828
LAN-00594,Hyperlane Route,c537bcd2,6a0577ca,1813.03,375.15,450.19,0.524
LAN-00595,Hyperlane Route,c537bcd2,7d161f8a,1999.07,220.39,264.46,0.748
LAN-00596,Hyperlane Route,dcc771d9,237e461a,924.66,126.94,152.33,0.704
LAN-00597,Hyperlane Route,dcc771d9,f03f4852,988.26,238.35,286.02,0.717
LAN-00598,Hyperlane Route,dcc771d9,acf540a2,1170.25,118.3,141.96,0.805
LAN-00599,Hyperlane Route,6be74bea,dbc7276b,1013.28,489.4,587.27,0.839
LAN-00600,Hyperlane Route,6be74bea,a2d354d7,1403.62,399.86,479.83,0.546
LAN-00601,Hyperlane Route,6be74bea,d8576aaf,1431.73,403.31,483.97,0.509
LAN-00602,Hyperlane Route,e3438189,7bf191e3,1366.1,108.85,130.62,0.613
LAN-00603,Hyperlane Route,08c6dfdb,017957c7,781.54,295.46,354.55,0.77
LAN-00604,Hyperlane Route,08c6dfdb,9396027d,1278.53,373.32,447.98,0.656
LAN-00605,Hyperlane Route,10fef2f7,0e934d76,617.6,209.45,251.34,0.849
LAN-00606,Hyperlane Route,10fef2f7,650ae5a0,698.27,270.47,324.57,0.658
LAN-00607,Hyperlane Route,10fef2f7,4a5e906d,1141.33,165.45,198.54,0.778
LAN-00608,Hyperlane Route,eb43d799,c37cbca3,600.43,377.47,452.97,0.577
LAN-00609,Hyperlane Route,eb43d799,8c2f26da,1277.52,132.95,159.54,0.738
LAN-00610,Hyperlane Route,fbb844dc,0597c038,1622.67,361.8,434.17,0.596
LAN-00611,Hyperlane Route,fbb844dc,03b36f2b,1735.84,480.35,576.41,0.553
LAN-00612,Military Corridor,cb2ed0d3,7ae2e81c,1603.08,516.17,516.17,0.982
LAN-00613,Hyperlane Route,881ab161,02143620,1111.21,267.89,321.47,0.723
LAN-00614,Hyperlane Route,881ab161,e2b444b8,1565.68,259.04,310.85,0.596
LAN-00615,Hyperlane Route,881ab161,ea34b446,1694.24,493.59,592.31,0.643
LAN-00616,Military Corridor,08983574,f8aa3b9b,1916.48,747.05,747.05,0.882
LAN-00617,Hyperlane Route,68661557,5e2afd48,1577.81,185.24,222.29,0.511
LAN-00618,Hyperlane Route,e6a8e6a5,d224a7f8,572.71,360.67,432.8,0.629
LAN-00619,Hyperlane Route,e6a8e6a5,062b80e3,892.0,445.74,534.89,0.666
LAN-00620,Hyperlane Route,e6a8e6a5,1b2f89c3,1076.5,487.28,584.73,0.565
LAN-00621,Hyperlane Route,e2d1f1e8,19aac56b,1487.67,447.45,536.94,0.772
LAN-00622,Hyperlane Route,e2d1f1e8,f3ea4fd4,1665.19,408.37,490.04,0.796
LAN-00623,Hyperlane Route,e2d1f1e8,ab4c2378,1773.91,404.41,485.29,0.719
LAN-00624,Hyperlane Route,2cea10f8,2cd6a4ec,1311.09,152.5,183.0,0.511
LAN-00625,Trade Artery,2cea10f8,305333b9,1558.71,1420.85,3552.12,0.911
LAN-00626,Hyperlane Route,2cea10f8,92ad9b56,1662.79,418.61,502.34,0.669
LAN-00627,Hyperlane Route,d438f44d,9b62ffa7,665.78,146.92,176.31,0.544
LAN-00628,Hyperlane Route,d438f44d,998ab19a,957.91,374.23,449.07,0.651
LAN-00629,Military Corridor,45ce99fd,18834c8d,476.3,400.26,400.26,0.919
LAN-00630,Hyperlane Route,45ce99fd,cbe22a8b,1421.0,125.68,150.82,0.704
LAN-00631,Hyperlane Route,ade82d29,936c287f,814.26,207.6,249.12,0.779
LAN-00632,Trade Artery,ade82d29,bf8912d1,1917.8,810.36,2025.9,0.882
LAN-00633,Hyperlane Route,369e452f,4b184660,1334.65,104.65,125.58,0.525
LAN-00634,Hyperlane Route,369e452f,c4d0dd0c,1878.06,257.0,308.4,0.668
LAN-00635,Hyperlane Route,369e452f,a1da22ce,1932.11,340.01,408.01,0.602
LAN-00636,Hyperlane Route,5c2535b3,da17f992,1378.1,377.99,453.59,0.801
LAN-00637,Hyperlane Route,5c2535b3,08df73d5,1954.07,411.94,494.33,0.514
LAN-00638,Hyperlane Route,a333a525,4b7c064b,1159.78,292.2,350.64,0.537
LAN-00639,Hyperlane Route,a333a525,396949f1,1164.77,196.82,236.18,0.845
LAN-00640,Hyperlane Route,a333a525,74ba6a6c,1170.76,157.0,188.4,0.675
LAN-00641,Trade Artery,7dce77da,b2237089,1180.02,1118.16,2795.39,0.926
LAN-00642,Military Corridor,56f3a3b6,a313cafe,1185.2,579.82,579.82,0.851
LAN-00643,Military Corridor,56f3a3b6,9429fae3,1513.34,463.23,463.23,0.922
LAN-00644,Trade Artery,56f3a3b6,0ba83e15,1555.59,587.87,1469.67,0.863
LAN-00645,Hyperlane Route,ecf07b9a,42ab1d52,332.65,113.28,135.94,0.528
LAN-00646,Hyperlane Route,ecf07b9a,ca42f12c,540.4,258.77,310.52,0.546
LAN-00647,Hyperlane Route,ecf07b9a,29f54147,694.89,327.02,392.42,0.741
LAN-00648,Hyperlane Route,e9b7af78,f549dffa,1143.82,420.23,504.28,0.57
LAN-00649,Hyperlane Route,e9b7af78,ebd6dd77,1964.92,166.99,200.39,0.537
LAN-00650,Hyperlane Route,19a713aa,f07e5907,1388.04,354.57,425.49,0.747
LAN-00651,Hyperlane Route,19a713aa,8b7ab053,1457.94,112.63,135.16,0.828
LAN-00652,Hyperlane Route,19a713aa,8405f8a2,1978.01,120.79,144.95,0.689
LAN-00653,Hyperlane Route,ab37e057,b0254239,845.38,383.62,460.35,0.805
LAN-00654,Hyperlane Route,ab37e057,69a94ba7,859.22,385.63,462.76,0.781
LAN-00655,Hyperlane Route,478b3eaf,92a495bd,1021.25,235.78,282.94,0.785
LAN-00656,Hyperlane Route,478b3eaf,2ec42605,1462.19,132.05,158.46,0.813
LAN-00657,Hyperlane Route,2b588cf5,28fc036a,1116.57,319.04,382.84,0.786
LAN-00658,Hyperlane Route,2b588cf5,569fbf22,1449.62,280.93,337.11,0.725
LAN-00659,Hyperlane Route,8f8174ae,6b142b99,961.39,310.56,372.67,0.756
LAN-00660,Hyperlane Route,8f8174ae,ec2b6c68,999.21,132.65,159.18,0.521
LAN-00661,Hyperlane Route,38fde882,25708018,1957.85,198.84,238.61,0.556
LAN-00662,Hyperlane Route,f3143f78,eba808b1,986.51,448.71,538.46,0.577
LAN-00663,Hyperlane Route,f3143f78,99ee6195,1023.84,490.35,588.42,0.618
LAN-00664,Military Corridor,91772165,9ecfcf5e,1387.32,391.06,391.06,0.961
LAN-00665,Hyperlane Route,77b2233b,87a212ea,757.83,363.48,436.18,0.674
LAN-00666,Hyperlane Route,77b2233b,92bef70f,1845.67,322.15,386.57,0.752
LAN-00667,Hyperlane Route,77b2233b,b66c5fa9,1995.75,191.38,229.66,0.849
LAN-00668,Hyperlane Route,775c658a,714fa661,1097.43,489.92,587.9,0.728
LAN-00669,Hyperlane Route,775c658a,1bf4f727,1280.64,179.82,215.78,0.738
LAN-00670,Hyperlane Route,9f05fe7b,80468f6e,1247.63,128.88,154.66,0.511
LAN-00671,Hyperlane Route,9f05fe7b,d2b9927f,1501.1,203.07,243.69,0.662
LAN-00672,Hyperlane Route,9f05fe7b,22c61624,1569.34,447.31,536.77,0.755
LAN-00673,Hyperlane Route,44231028,9423c858,1029.08,397.08,476.5,0.649
LAN-00674,Hyperlane Route,103f991a,881ab161,1879.47,238.37,286.05,0.63
LAN-00675,Hyperlane Route,f91f82e6,870bffb3,1309.79,495.06,594.07,0.514
LAN-00676,Hyperlane Route,f91f82e6,453b5577,1438.69,446.81,536.18,0.703
LAN-00677,Hyperlane Route,f91f82e6,c602a54d,1758.98,275.45,330.54,0.754
LAN-00678,Military Corridor,4b4ea6a3,528eaf0f,827.61,543.33,543.33,0.972
LAN-00679,Military Corridor,4b4ea6a3,d487d983,1323.48,750.35,750.35,0.909
LAN-00680,Military Corridor,4b4ea6a3,08bcb72c,1427.07,438.41,438.41,0.933
LAN-00681,Military Corridor,fff60de8,172a4b44,223.03,756.18,756.18,0.879
LAN-00682,Military Corridor,fff60de8,4524e1a1,913.69,611.48,611.48,0.938
LAN-00683,Trade Artery,fff60de8,840d8b8f,1176.07,1233.11,3082.78,0.824
LAN-00684,Hyperlane Route,5bfc0b9a,42a4e578,942.52,386.33,463.6,0.818
LAN-00685,Hyperlane Route,5bfc0b9a,80468f6e,1158.19,171.87,206.25,0.583
LAN-00686,Hyperlane Route,5bfc0b9a,9f05fe7b,1875.29,488.56,586.27,0.563
LAN-00687,Hyperlane Route,dc19cee1,41553110,750.85,441.75,530.1,0.672
LAN-00688,Hyperlane Route,dc19cee1,df21000a,1385.42,198.89,238.67,0.805
LAN-00689,Hyperlane Route,e90ac907,7fbfec95,1069.05,278.12,333.75,0.68
LAN-00690,Hyperlane Route,e90ac907,57c88089,1408.17,243.69,292.43,0.708
LAN-00691,Military Corridor,e90ac907,4ad5d8f7,1458.73,381.76,381.76,0.905
LAN-00692,Trade Artery,023024ca,446ad83e,1202.81,1469.41,3673.53,0.846
LAN-00693,Trade Artery,023024ca,b8cb383f,1265.45,1156.74,2891.84,0.859
LAN-00694,Trade Artery,023024ca,f2adc5f9,1463.69,1273.47,3183.68,0.824
LAN-00695,Military Corridor,34bc9ab9,c8ddee9a,1610.64,784.91,784.91,0.914
LAN-00696,Hyperlane Route,34bc9ab9,1e6e8dbb,1635.6,194.42,233.3,0.526
LAN-00697,Hyperlane Route,dc600992,0e11fed7,873.74,167.9,201.48,0.682
LAN-00698,Hyperlane Route,dc600992,48b73528,975.45,234.8,281.76,0.79
LAN-00699,Trade Artery,dc600992,edc9d801,1192.74,930.89,2327.22,0.845
LAN-00700,Hyperlane Route,1e8613e9,6856e7d8,967.2,346.86,416.23,0.747
LAN-00701,Hyperlane Route,1e8613e9,d7048c10,1098.38,166.82,200.18,0.559
LAN-00702,Hyperlane Route,e00a227d,95070db4,1341.52,114.67,137.6,0.758
LAN-00703,Hyperlane Route,613f5597,77180e42,1039.84,365.52,438.63,0.666
LAN-00704,Hyperlane Route,613f5597,af72cbde,1050.85,437.67,525.2,0.782
LAN-00705,Hyperlane Route,613f5597,ce33537e,1479.91,334.14,400.97,0.804
LAN-00706,Hyperlane Route,e93cced9,77180e42,1405.21,182.34,218.8,0.539
LAN-00707,Hyperlane Route,e93cced9,af72cbde,1552.88,207.9,249.48,0.52
LAN-00708,Hyperlane Route,e93cced9,613f5597,1572.99,312.47,374.96,0.828
LAN-00709,Military Corridor,b0a48b50,0a3b2b7f,861.4,319.67,319.67,0.867
LAN-00710,Military Corridor,facf30ab,6ff1488b,1379.59,526.1,526.1,0.981
LAN-00711,Military Corridor,facf30ab,55c5fbe5,1614.19,458.08,458.08,0.921
LAN-00712,Hyperlane Route,0e11fed7,d7d8cf00,598.42,116.63,139.95,0.552
LAN-00713,Hyperlane Route,0e11fed7,edc9d801,647.7,494.65,593.58,0.838
LAN-00714,Hyperlane Route,59e56112,8e9aba61,1148.0,101.98,122.37,0.833
LAN-00715,Hyperlane Route,59e56112,95d3383e,1190.29,355.65,426.78,0.804
LAN-00716,Hyperlane Route,dbf53ab7,a578783b,1273.99,281.9,338.28,0.68
LAN-00717,Hyperlane Route,dbf53ab7,17f2ba68,1375.63,295.54,354.65,0.733
LAN-00718,Hyperlane Route,7990111d,fa4881b8,1121.3,155.86,187.03,0.51
LAN-00719,Hyperlane Route,7990111d,85611719,1850.67,223.17,267.81,0.747
LAN-00720,Hyperlane Route,e85fd53e,84767f1c,1452.47,180.74,216.89,0.736
LAN-00721,Hyperlane Route,e85fd53e,2deabc50,1847.52,487.96,585.56,0.533
LAN-00722,Hyperlane Route,da943616,a71fac37,439.73,369.04,442.85,0.655
LAN-00723,Military Corridor,da943616,25c7f883,1441.04,734.07,734.07,0.875
LAN-00724,Hyperlane Route,a1a777f9,4b7fc619,1212.02,377.05,452.46,0.793
LAN-00725,Hyperlane Route,7844b55a,7cf8fac2,1370.78,477.85,573.41,0.739
LAN-00726,Hyperlane Route,7844b55a,0d0e9f45,1518.39,298.87,358.64,0.716
LAN-00727,Hyperlane Route,2c6bfa9e,6d440304,1431.36,447.56,537.07,0.7
LAN-00728,Hyperlane Route,8bbb3a73,f37c4c87,738.57,112.15,134.59,0.826
LAN-00729,Hyperlane Route,8bbb3a73,f2597e5a,1310.23,375.81,450.97,0.737
LAN-00730,Hyperlane Route,84b94638,e85bac43,1438.06,186.27,223.52,0.731
LAN-00731,Hyperlane Route,84b94638,f07e5907,1714.65,257.55,309.05,0.728
LAN-00732,Hyperlane Route,84b94638,41fc2dd4,1718.62,142.64,171.16,0.73
LAN-00733,Hyperlane Route,002e0283,13c5f9fc,753.43,499.77,599.72,0.517
LAN-00734,Hyperlane Route,15780515,22d967e2,1494.07,490.87,589.04,0.642
LAN-00735,Hyperlane Route,15780515,179b8b59,1584.74,448.3,537.96,0.774
LAN-00736,Military Corridor,2e010e14,3e340926,1160.63,583.51,583.51,0.953
LAN-00737,Hyperlane Route,94da746d,8c6c8901,975.03,451.41,541.69,0.641
LAN-00738,Hyperlane Route,94da746d,260b715e,1652.32,230.81,276.98,0.734
LAN-00739,Hyperlane Route,b05778ee,838b4d92,222.65,423.14,507.77,0.767
LAN-00740,Trade Artery,b05778ee,0ba83e15,1669.19,1297.81,3244.53,0.878
LAN-00741,Hyperlane Route,42ab1d52,ca42f12c,294.38,427.13,512.56,0.542
LAN-00742,Hyperlane Route,7cf8fac2,44eed999,1875.09,317.8,381.35,0.502
LAN-00743,Hyperlane Route,7cf8fac2,27bf7451,1914.89,229.83,275.8,0.628
LAN-00744,Hyperlane Route,811709f6,9afa0793,764.65,258.47,310.16,0.743
LAN-00745,Hyperlane Route,811709f6,15ef3488,998.49,255.42,306.51,0.657
LAN-00746,Hyperlane Route,9c6e9026,ffd34728,1607.08,195.02,234.02,0.631
LAN-00747,Hyperlane Route,3eb58ed7,4439552e,1013.91,190.91,229.09,0.526
LAN-00748,Hyperlane Route,3eb58ed7,e31a480e,1566.82,341.38,409.66,0.734
LAN-00749,Hyperlane Route,3eb58ed7,0ec7669a,1739.17,347.8,417.36,0.662
LAN-00750,Hyperlane Route,6ce89aae,83611aa7,429.83,251.91,302.3,0.802
LAN-00751,Hyperlane Route,6ce89aae,062b80e3,821.5,307.63,369.16,0.668
LAN-00752,Hyperlane Route,6ce89aae,b04073fa,902.92,110.26,132.31,0.619
LAN-00753,Hyperlane Route,06b92a40,8405f8a2,1097.7,252.08,302.49,0.64
LAN-00754,Trade Artery,06b92a40,d8fac1fb,1296.94,1080.17,2700.43,0.896
LAN-00755,Hyperlane Route,dc65b160,d819aef8,225.73,343.16,411.79,0.768
LAN-00756,Hyperlane Route,dc65b160,d9468784,1092.65,425.19,510.23,0.751
LAN-00757,Hyperlane Route,3630a31c,44ebb476,1523.62,482.21,578.65,0.506
LAN-00758,Hyperlane Route,9ef225c5,e93079dc,1710.21,178.31,213.97,0.503
LAN-00759,Hyperlane Route,807851ac,0e73a21b,1267.73,358.99,430.79,0.814
LAN-00760,Hyperlane Route,807851ac,255cdee9,1524.0,197.39,236.87,0.824
LAN-00761,Hyperlane Route,bce7d21d,6ff1488b,1393.85,124.11,148.93,0.827
LAN-00762,Hyperlane Route,bce7d21d,cf36ea6e,1852.97,240.65,288.78,0.535
LAN-00763,Hyperlane Route,83611aa7,062b80e3,607.37,294.35,353.22,0.59
LAN-00764,Hyperlane Route,83611aa7,d224a7f8,715.82,213.95,256.74,0.608
LAN-00765,Hyperlane Route,92a495bd,c0f265f3,1558.02,421.21,505.45,0.689
LAN-00766,Hyperlane Route,df21000a,41553110,910.66,224.52,269.43,0.714
LAN-00767,Hyperlane Route,df21000a,51cdd6f8,1404.24,386.46,463.75,0.595
LAN-00768,Hyperlane Route,8df9f477,1b0f3131,1546.83,265.42,318.5,0.543
LAN-00769,Hyperlane Route,9fc7ed10,6c359789,1666.67,172.46,206.95,0.738
LAN-00770,Hyperlane Route,e2176638,453749f1,1008.31,172.58,207.09,0.684
LAN-00771,Hyperlane Route,e2176638,93fea8a9,1215.28,383.62,460.34,0.537
LAN-00772,Hyperlane Route,e2176638,ead7b9cf,1274.85,326.92,392.31,0.59
LAN-00773,Hyperlane Route,c300631a,36f27f2f,1098.35,485.17,582.2,0.669
LAN-00774,Hyperlane Route,c300631a,0b0226a3,1427.1,422.4,506.88,0.693
LAN-00775,Hyperlane Route,1340ed09,d0061a5c,1467.9,117.37,140.84,0.722
LAN-00776,Military Corridor,1340ed09,9b5044d0,1657.89,775.7,775.7,0.934
LAN-00777,Hyperlane Route,b83ff342,4a343f94,1357.63,427.68,513.21,0.809
LAN-00778,Hyperlane Route,b83ff342,3e340926,1456.73,191.23,229.48,0.574
LAN-00779,Hyperlane Route,b83ff342,c3421be7,1540.75,344.39,413.27,0.644
LAN-00780,Hyperlane Route,53281e80,8500084c,859.22,435.94,523.13,0.815
LAN-00781,Hyperlane Route,53281e80,42877080,1351.81,241.37,289.64,0.583
LAN-00782,Hyperlane Route,53281e80,e5779426,1665.19,412.21,494.65,0.596
LAN-00783,Hyperlane Route,cb77346d,34057b0d,951.42,429.05,514.85,0.648
LAN-00784,Hyperlane Route,cb77346d,1c9c4f97,1079.41,367.02,440.42,0.533
LAN-00785,Hyperlane Route,cb77346d,de056509,1747.99,349.54,419.45,0.658
LAN-00786,Hyperlane Route,4a343f94,ec2b6c68,797.13,334.64,401.57,0.559
LAN-00787,Hyperlane Route,4a343f94,b0c841e9,1286.43,394.75,473.7,0.802
LAN-00788,Hyperlane Route,4d5639e8,c693897f,1232.15,186.7,224.04,0.534
LAN-00789,Hyperlane Route,4d5639e8,eba808b1,1860.89,109.46,131.35,0.725
LAN-00790,Hyperlane Route,4d5639e8,43dff816,1959.6,342.84,411.41,0.691
LAN-00791,Hyperlane Route,7bffbd1a,58114dea,608.35,192.78,231.33,0.637
LAN-00792,Hyperlane Route,7bffbd1a,f2c5ccdb,1188.09,337.79,405.35,0.674
LAN-00793,Hyperlane Route,7bffbd1a,08bcb72c,1469.34,495.11,594.14,0.548
LAN-00794,Hyperlane Route,52ec7811,c3f16776,1840.71,378.06,453.67,0.642
LAN-00795,Hyperlane Route,6856e7d8,5329a15a,1139.53,271.28,325.54,0.751
LAN-00796,Hyperlane Route,0a04a69f,b5119dc5,742.46,376.97,452.37,0.847
LAN-00797,Hyperlane Route,0a04a69f,4fc4e1a5,1328.28,151.36,181.63,0.536
LAN-00798,Hyperlane Route,0a04a69f,53d33b8f,1975.96,389.74,467.68,0.702
LAN-00799,Hyperlane Route,ab5f4c91,48b73528,1199.54,209.66,251.6,0.528
LAN-00800,Hyperlane Route,ab5f4c91,dc600992,1236.11,134.26,161.12,0.813
LAN-00801,Hyperlane Route,0f848144,1475831c,1109.15,176.75,212.1,0.613
LAN-00802,Hyperlane Route,0f848144,9910f472,1230.25,190.66,228.8,0.624
LAN-00803,Hyperlane Route,0f848144,e2a7b982,1316.47,127.77,153.32,0.682
LAN-00804,Hyperlane Route,3803da09,6a4877b4,452.8,127.05,152.45,0.78
LAN-00805,Hyperlane Route,3803da09,412f4e1e,1240.3,193.48,232.18,0.689
LAN-00806,Hyperlane Route,3803da09,c3277bff,1863.35,452.03,542.44,0.728
LAN-00807,Military Corridor,8fdc40ab,840d8b8f,1470.58,566.48,566.48,0.895
LAN-00808,Hyperlane Route,8fdc40ab,f436e82c,1486.59,233.2,279.84,0.734
LAN-00809,Hyperlane Route,8fdc40ab,4524e1a1,1499.56,497.66,597.19,0.732
LAN-00810,Hyperlane Route,6dbea2e3,46f9a2b3,896.82,323.11,387.74,0.756
LAN-00811,Hyperlane Route,8a275897,08d60348,1134.68,286.08,343.3,0.521
LAN-00812,Hyperlane Route,0597c038,259a2489,653.75,324.92,389.9,0.835
LAN-00813,Hyperlane Route,0597c038,249c260a,1385.57,170.12,204.15,0.742
LAN-00814,Hyperlane Route,cf466493,42ab1d52,1060.37,180.37,216.45,0.688
LAN-00815,Hyperlane Route,cf466493,ecf07b9a,1145.59,138.67,166.4,0.658
LAN-00816,Hyperlane Route,f7fc01b9,51cdd6f8,851.85,402.47,482.96,0.622
LAN-00817,Hyperlane Route,f7fc01b9,6f0bddf7,1772.2,365.96,439.16,0.778
LAN-00818,Hyperlane Route,43dff816,c693897f,1079.87,470.87,565.05,0.582
LAN-00819,Military Corridor,43dff816,8494b7b9,1382.83,499.66,499.66,0.871
LAN-00820,Military Corridor,7fcb4210,1e090922,1464.45,796.24,796.24,0.98
LAN-00821,Hyperlane Route,d819aef8,41cbbfa3,901.24,315.98,379.18,0.795
LAN-00822,Hyperlane Route,4439552e,e31a480e,1178.6,308.38,370.06,0.718
LAN-00823,Hyperlane Route,4439552e,a439a8b7,1943.14,135.65,162.78,0.764
LAN-00824,Trade Artery,0c60f83d,21e97463,805.84,627.71,1569.28,0.949
LAN-00825,Trade Artery,0c60f83d,db8fee6b,1759.03,1282.03,3205.07,0.928
LAN-00826,Hyperlane Route,0c60f83d,dceddb79,1921.15,114.46,137.36,0.606
LAN-00827,Hyperlane Route,2f705062,efc41c68,1140.39,205.25,246.29,0.626
LAN-00828,Hyperlane Route,2f705062,d2fe295c,1248.39,135.06,162.07,0.828
LAN-00829,Hyperlane Route,2f705062,f7cfa365,1725.06,321.52,385.83,0.607
LAN-00830,Military Corridor,5b4b85d0,3c2e37c0,690.31,498.49,498.49,0.913
LAN-00831,Hyperlane Route,36f27f2f,6144e36c,1201.16,340.24,408.29,0.68
LAN-00832,Hyperlane Route,36f27f2f,0b0226a3,1289.55,467.76,561.31,0.674
LAN-00833,Military Corridor,6c559cff,6b4a448c,388.12,796.08,796.08,0.969
LAN-00834,Military Corridor,6c559cff,2fb112b0,774.66,404.26,404.26,0.98
LAN-00835,Military Corridor,6c559cff,e2b444b8,946.73,358.18,358.18,0.964
LAN-00836,Hyperlane Route,c1877943,88137a6d,862.04,252.25,302.7,0.807
LAN-00837,Hyperlane Route,c1877943,28d28df2,1178.68,447.22,536.67,0.782
LAN-00838,Hyperlane Route,c1877943,ed516e04,1280.88,416.01,499.21,0.607
LAN-00839,Hyperlane Route,bc454e95,89ab3f2b,121.43,132.37,158.84,0.641
LAN-00840,Hyperlane Route,bc454e95,f967388f,882.63,169.41,203.29,0.743
LAN-00841,Military Corridor,bc454e95,80d2e06b,1210.35,473.05,473.05,0.987
LAN-00842,Hyperlane Route,f2c5ccdb,58114dea,1149.12,356.39,427.67,0.788
LAN-00843,Hyperlane Route,f2c5ccdb,4b0f0d92,1870.83,153.01,183.61,0.802
LAN-00844,Hyperlane Route,6f0bddf7,57c88089,1730.89,469.1,562.92,0.67
LAN-00845,Trade Artery,485b2de6,d8576aaf,708.23,1106.25,2765.63,0.938
LAN-00846,Hyperlane Route,485b2de6,bc3cf258,770.13,169.94,203.92,0.676
LAN-00847,Hyperlane Route,485b2de6,dbc7276b,1345.07,259.47,311.36,0.551
LAN-00848,Hyperlane Route,c2ed2f91,95070db4,1727.64,247.01,296.42,0.524
LAN-00849,Hyperlane Route,114225de,c0f265f3,914.68,110.32,132.39,0.547
LAN-00850,Hyperlane Route,114225de,4c8ab099,1371.31,485.25,582.3,0.692
LAN-00851,Military Corridor,80d2e06b,f967388f,917.86,782.91,782.91,0.911
LAN-00852,Military Corridor,80d2e06b,89ab3f2b,1193.84,455.91,455.91,0.921
LAN-00853,Hyperlane Route,acf540a2,f03f4852,351.24,275.8,330.97,0.537
LAN-00854,Hyperlane Route,acf540a2,237e461a,1284.69,356.33,427.6,0.576
LAN-00855,Hyperlane Route,e5cc1727,0ac55275,1340.91,347.84,417.4,0.728
LAN-00856,Hyperlane Route,e5cc1727,0e73a21b,1362.45,160.81,192.97,0.521
LAN-00857,Hyperlane Route,e5cc1727,255cdee9,1619.1,412.3,494.77,0.661
LAN-00858,Hyperlane Route,714fa661,1bf4f727,1187.95,123.27,147.92,0.848
LAN-00859,Hyperlane Route,c965e50b,dad36877,1037.74,123.11,147.73,0.743
LAN-00860,Hyperlane Route,c965e50b,6144e36c,1322.75,493.47,592.17,0.584
LAN-00861,Hyperlane Route,c965e50b,36f27f2f,1787.81,156.9,188.28,0.542
LAN-00862,Military Corridor,1dd7aaec,925eebd4,1831.14,451.64,451.64,0.864
LAN-00863,Hyperlane Route,255cdee9,0ac55275,1323.12,376.86,452.24,0.522
LAN-00864,Hyperlane Route,d15c6065,16375843,865.9,303.77,364.52,0.849
LAN-00865,Hyperlane Route,d15c6065,822c2457,970.37,425.59,510.71,0.715
LAN-00866,Hyperlane Route,d15c6065,55523ac6,1295.48,222.5,267.0,0.718
LAN-00867,Hyperlane Route,5ae497f6,1b9398cf,998.23,310.82,372.98,0.649
LAN-00868,Military Corridor,5ae497f6,4f448a53,1129.9,365.36,365.36,0.974
LAN-00869,Hyperlane Route,5ae497f6,41bf3fe6,1948.8,279.91,335.9,0.568
LAN-00870,Military Corridor,dacd2e39,5a9ad0d4,588.0,483.88,483.88,0.908
LAN-00871,Trade Artery,dacd2e39,4c130f6d,1780.62,1327.54,3318.84,0.932
LAN-00872,Hyperlane Route,e5779426,42877080,985.09,407.72,489.27,0.504
LAN-00873,Military Corridor,3401baf3,607fd3e2,678.36,508.08,508.08,0.917
LAN-00874,Military Corridor,3401baf3,93dff340,1211.99,309.6,309.6,0.886
LAN-00875,Hyperlane Route,3401baf3,f37c4c87,1366.09,404.12,484.94,0.548
LAN-00876,Hyperlane Route,838b4d92,0ba83e15,1573.79,314.12,376.95,0.575
LAN-00877,Hyperlane Route,838b4d92,9429fae3,1601.13,104.85,125.82,0.584
LAN-00878,Hyperlane Route,6c359789,495a21e5,1692.87,490.35,588.42,0.781
LAN-00879,Hyperlane Route,0103b4da,8c6c8901,1233.95,483.83,580.6,0.671
LAN-00880,Hyperlane Route,0103b4da,249c260a,1293.4,143.89,172.67,0.692
LAN-00881,Hyperlane Route,de056509,41428f8e,349.05,281.75,338.1,0.796
LAN-00882,Trade Artery,51932a4c,6b4348da,1293.31,598.08,1495.21,0.888
LAN-00883,Trade Artery,51932a4c,a36c0a0c,1545.58,650.05,1625.12,0.858
LAN-00884,Trade Artery,51932a4c,e24dc40c,1908.85,1237.36,3093.39,0.886
LAN-00885,Hyperlane Route,da0c926c,c37cbca3,994.26,250.36,300.43,0.638
LAN-00886,Hyperlane Route,da0c926c,eb43d799,1358.63,283.78,340.53,0.775
LAN-00887,Hyperlane Route,da0c926c,69a0cbc9,1860.28,456.83,548.2,0.834
LAN-00888,Hyperlane Route,6153e43f,bde8aa44,1891.99,414.76,497.71,0.61
LAN-00889,Hyperlane Route,6153e43f,1c9c4f97,1907.04,375.25,450.3,0.653
LAN-00890,Hyperlane Route,6672463b,6a0577ca,1550.28,201.87,242.24,0.794
LAN-00891,Hyperlane Route,d2b9927f,577652f8,817.99,115.37,138.44,0.816
LAN-00892,Hyperlane Route,d2b9927f,c7017b6e,839.59,284.59,341.51,0.723
LAN-00893,Hyperlane Route,528eaf0f,08bcb72c,1754.73,363.74,436.49,0.813
LAN-00894,Hyperlane Route,528eaf0f,7bffbd1a,1881.8,354.67,425.6,0.715
LAN-00895,Hyperlane Route,89ab3f2b,f967388f,956.64,126.66,151.99,0.681
LAN-00896,Hyperlane Route,b0c841e9,8f8174ae,1230.09,160.07,192.08,0.758
LAN-00897,Hyperlane Route,08df73d5,7fbfec95,1720.13,304.89,365.87,0.738
LAN-00898,Hyperlane Route,08df73d5,e90ac907,1775.58,116.67,140.0,0.53
LAN-00899,Hyperlane Route,6166b550,c5726c64,1184.52,386.53,463.84,0.525
LAN-00900,Hyperlane Route,6166b550,e6ed3c6f,1263.64,128.5,154.2,0.504
LAN-00901,Hyperlane Route,6166b550,b536f6da,1358.95,482.6,579.12,0.758
LAN-00902,Military Corridor,1b6f34f6,305333b9,1085.75,476.63,476.63,0.892
LAN-00903,Hyperlane Route,1b6f34f6,ab5f4c91,1363.81,239.88,287.86,0.771
LAN-00904,Hyperlane Route,1a5aea24,a08d7656,715.32,364.55,437.46,0.565
LAN-00905,Hyperlane Route,1a5aea24,362c4daa,983.64,169.64,203.57,0.534
LAN-00906,Trade Artery,18834c8d,cbe22a8b,1145.41,1160.3,2900.76,0.938
LAN-00907,Military Corridor,0a3b2b7f,bf8912d1,1624.4,432.52,432.52,0.853
LAN-00908,Hyperlane Route,aec5a9b6,15ebd3b7,517.09,132.87,159.44,0.839
LAN-00909,Hyperlane Route,aec5a9b6,a76c941f,581.09,218.18,261.81,0.769
LAN-00910,Hyperlane Route,aec5a9b6,93fea8a9,960.76,349.87,419.84,0.634
LAN-00911,Hyperlane Route,b7d66c4b,1451b4fa,1013.92,182.27,218.73,0.542
LAN-00912,Hyperlane Route,b7d66c4b,4524e1a1,1103.86,346.01,415.21,0.771
LAN-00913,Hyperlane Route,04b2c790,f18906fa,1481.96,357.56,429.07,0.686
LAN-00914,Trade Artery,be184be6,6f116dc8,1758.85,541.95,1354.88,0.974
LAN-00915,Military Corridor,9b5044d0,d0061a5c,1720.51,699.36,699.36,0.891
LAN-00916,Hyperlane Route,459d033d,435d0b34,1384.73,491.99,590.39,0.711
LAN-00917,Hyperlane Route,1c505977,28f9f5ed,1632.97,332.97,399.56,0.762
LAN-00918,Hyperlane Route,237e461a,f03f4852,1072.85,424.71,509.65,0.73
LAN-00919,Hyperlane Route,01fb818c,186c1b06,953.01,151.24,181.49,0.618
LAN-00920,Hyperlane Route,de4cb43e,78a24a27,1284.17,471.23,565.48,0.579
LAN-00921,Hyperlane Route,41428f8e,cb77346d,1814.03,248.87,298.64,0.651
LAN-00922,Hyperlane Route,c10fd0b3,7c776761,1202.29,275.76,330.91,0.715
LAN-00923,Military Corridor,c10fd0b3,bfb6257c,1230.42,771.54,771.54,0.884
LAN-00924,Hyperlane Route,c10fd0b3,fafdffc3,1470.88,148.6,178.32,0.569
LAN-00925,Hyperlane Route,57c88089,807c7f9a,928.11,454.77,545.72,0.726
LAN-00926,Hyperlane Route,93fea8a9,a76c941f,759.47,214.36,257.24,0.786
LAN-00927,Hyperlane Route,93fea8a9,15ebd3b7,1159.99,444.55,533.46,0.796
LAN-00928,Hyperlane Route,2d7e6af6,ec97555c,787.22,467.57,561.08,0.588
LAN-00929,Military Corridor,2d7e6af6,32aff2a0,1068.34,677.52,677.52,0.914
LAN-00930,Hyperlane Route,2d7e6af6,bc8c7e21,1313.91,436.8,524.16,0.755
LAN-00931,Hyperlane Route,e2b444b8,2fb112b0,239.36,410.58,492.69,0.73
LAN-00932,Hyperlane Route,e2b444b8,02143620,960.94,170.97,205.17,0.691
LAN-00933,Hyperlane Route,c7017b6e,cd4e2500,1045.31,493.87,592.64,0.828
LAN-00934,Hyperlane Route,8058461a,f2341c1a,1557.73,117.27,140.72,0.558
LAN-00935,Hyperlane Route,8058461a,0095d960,1574.89,152.69,183.23,0.754
LAN-00936,Hyperlane Route,f2597e5a,f37c4c87,1172.14,427.11,512.54,0.575
LAN-00937,Hyperlane Route,f2597e5a,5e6d8a25,1202.97,302.34,362.81,0.794
LAN-00938,Military Corridor,f2597e5a,93dff340,1231.5,666.4,666.4,0.926
LAN-00939,Hyperlane Route,ce33537e,c17b99d3,303.71,336.14,403.37,0.678
LAN-00940,Hyperlane Route,ce33537e,af72cbde,757.32,219.02,262.82,0.698
LAN-00941,Hyperlane Route,a3ac89d4,16375843,808.79,375.55,450.66,0.806
LAN-00942,Hyperlane Route,a3ac89d4,55523ac6,1215.6,354.52,425.42,0.766
LAN-00943,Hyperlane Route,2f093a98,17f2ba68,361.93,164.03,196.83,0.662
LAN-00944,Hyperlane Route,2f093a98,0fadbf92,1359.02,103.73,124.48,0.586
LAN-00945,Hyperlane Route,2f093a98,a578783b,1409.17,390.58,468.7,0.847
LAN-00946,Hyperlane Route,92bef70f,013e2852,834.3,139.67,167.61,0.641
LAN-00947,Hyperlane Route,92bef70f,7200a3bc,1638.89,420.03,504.03,0.571
LAN-00948,Military Corridor,8c1efd11,991dd9ee,1050.97,577.54,577.54,0.953
LAN-00949,Hyperlane Route,8c1efd11,06f2c559,1493.12,346.39,415.67,0.566
LAN-00950,Military Corridor,8c1efd11,a2c1a02e,1826.94,477.69,477.69,0.96
LAN-00951,Military Corridor,06f2c559,a2c1a02e,835.98,577.11,577.11,0.851
LAN-00952,Hyperlane Route,5266e924,caab8c4c,1548.1,404.4,485.28,0.512
LAN-00953,Hyperlane Route,52cfb55b,549a4949,1284.06,398.29,477.95,0.571
LAN-00954,Hyperlane Route,52cfb55b,a0dfcd1d,1796.64,483.23,579.88,0.629
LAN-00955,Hyperlane Route,52cfb55b,5efb46bf,1852.25,230.77,276.93,0.552
LAN-00956,Hyperlane Route,4b184660,9afa0793,1937.57,222.24,266.69,0.807
LAN-00957,Hyperlane Route,ce745aad,e2190799,1642.57,498.53,598.24,0.629
LAN-00958,Hyperlane Route,ce745aad,af72cbde,1748.11,279.44,335.33,0.753
LAN-00959,Hyperlane Route,5c3e99c3,f07e5907,1933.74,454.48,545.37,0.708
LAN-00960,Hyperlane Route,6a955b65,b633c223,1161.12,256.61,307.93,0.644
LAN-00961,Military Corridor,32aff2a0,ec97555c,808.07,647.81,647.81,0.85
LAN-00962,Military Corridor,32aff2a0,b0c841e9,1337.28,609.79,609.79,0.9
LAN-00963,Hyperlane Route,2fb112b0,6b4a448c,812.29,417.68,501.21,0.533
LAN-00964,Hyperlane Route,abf1d9c6,a313cafe,1128.63,335.28,402.34,0.668
LAN-00965,Trade Artery,7ce49ce6,446ad83e,1710.02,1142.33,2855.81,0.812
LAN-00966,Hyperlane Route,676f5054,52fb528a,1727.44,331.99,398.39,0.697
LAN-00967,Hyperlane Route,5e6d8a25,f37c4c87,1326.78,324.26,389.12,0.711
LAN-00968,Hyperlane Route,e8aa4c5b,3e9b6cc7,1137.29,370.59,444.7,0.782
LAN-00969,Hyperlane Route,e8aa4c5b,ab40c2be,1207.11,207.93,249.51,0.789
LAN-00970,Hyperlane Route,1bf4f727,cb10b9d5,1711.85,299.3,359.16,0.527
LAN-00971,Hyperlane Route,fd93db79,a1205430,1145.59,123.42,148.1,0.617
LAN-00972,Military Corridor,fd93db79,1699edb3,1536.63,692.45,692.45,0.949
LAN-00973,Hyperlane Route,0e934d76,650ae5a0,1185.85,415.45,498.54,0.681
LAN-00974,Hyperlane Route,0e934d76,4a5e906d,1350.01,276.08,331.3,0.552
LAN-00975,Hyperlane Route,95d3383e,de6f933e,1390.14,231.28,277.53,0.652
LAN-00976,Hyperlane Route,95d3383e,8e9aba61,1724.03,135.44,162.53,0.577
LAN-00977,Hyperlane Route,2f87947a,89d8c40b,489.14,339.29,407.15,0.757
LAN-00978,Hyperlane Route,2f87947a,608f0962,1459.28,499.34,599.21,0.827
LAN-00979,Hyperlane Route,2f87947a,53281e80,1699.08,357.03,428.43,0.647
LAN-00980,Hyperlane Route,c3f16776,208ea3f1,1325.95,354.47,425.37,0.775
LAN-00981,Hyperlane Route,c3f16776,9c76de8d,1665.28,147.33,176.8,0.643
LAN-00982,Hyperlane Route,7d9ab034,6a0577ca,950.18,435.92,523.11,0.634
LAN-00983,Hyperlane Route,260b715e,d69b07b4,1660.76,328.75,394.5,0.706
LAN-00984,Hyperlane Route,260b715e,8c6c8901,1816.01,173.79,208.55,0.627
LAN-00985,Hyperlane Route,fc890aa7,030a27f0,1365.89,233.8,280.57,0.509
LAN-00986,Hyperlane Route,55c5fbe5,d2fe295c,1875.55,109.68,131.61,0.791
LAN-00987,Hyperlane Route,4c7a1f48,b47c4419,473.8,209.23,251.07,0.681
LAN-00988,Hyperlane Route,4c7a1f48,5a6feec9,798.91,219.49,263.39,0.829
LAN-00989,Military Corridor,4c7a1f48,74d538e3,1289.49,429.65,429.65,0.91
LAN-00990,Hyperlane Route,7baf5e79,d816e4a0,1437.3,449.09,538.91,0.795
LAN-00991,Hyperlane Route,7baf5e79,89ab3f2b,1625.75,174.44,209.33,0.781
LAN-00992,Hyperlane Route,7baf5e79,bc454e95,1681.62,283.27,339.93,0.669
LAN-00993,Hyperlane Route,03d2cd68,7c776761,1401.91,153.39,184.07,0.528
LAN-00994,Trade Artery,03d2cd68,bfb6257c,1665.77,1227.94,3069.85,0.889
LAN-00995,Hyperlane Route,03d2cd68,c10fd0b3,1894.03,274.74,329.69,0.755
LAN-00996,Hyperlane Route,0095d960,6979b6fd,1512.87,406.21,487.45,0.556
LAN-00997,Hyperlane Route,0095d960,de6f933e,1634.2,344.09,412.91,0.547
LAN-00998,Hyperlane Route,1451b4fa,396949f1,519.43,400.55,480.66,0.73
LAN-00999,Hyperlane Route,eb2bf448,04308117,1080.84,482.65,579.18,0.524
LAN-01000,Hyperlane Route,eb2bf448,65fe2b07,1685.2,122.82,147.39,0.599
LAN-01001,Hyperlane Route,412f4e1e,e41acc5f,911.67,204.68,245.62,0.586
LAN-01002,Hyperlane Route,412f4e1e,6a4877b4,993.81,462.5,555.0,0.587
LAN-01003,Hyperlane Route,471dfbf1,7d4687e1,621.95,208.78,250.54,0.766
LAN-01004,Hyperlane Route,471dfbf1,a58ff1f3,749.18,279.9,335.88,0.772
LAN-01005,Military Corridor,1b9398cf,4f448a53,467.49,332.68,332.68,0.918
LAN-01006,Hyperlane Route,1b9398cf,41bf3fe6,1396.33,113.45,136.13,0.522
LAN-01007,Hyperlane Route,a313cafe,0ba83e15,422.24,462.57,555.09,0.549
LAN-01008,Hyperlane Route,e2a7b982,1475831c,1885.61,312.97,375.56,0.644
LAN-01009,Hyperlane Route,af72cbde,c17b99d3,922.4,238.94,286.72,0.815
LAN-01010,Trade Artery,5214fee4,5e1e7929,800.24,521.82,1304.56,0.919
LAN-01011,Trade Artery,f2adc5f9,b8cb383f,1623.58,1463.39,3658.49,0.901
LAN-01012,Hyperlane Route,2cd6a4ec,43e6a944,1277.38,474.73,569.67,0.518
LAN-01013,Hyperlane Route,8f5fc322,7d998a32,953.83,267.52,321.02,0.591
LAN-01014,Hyperlane Route,59d5887c,81be0011,1258.2,392.33,470.79,0.843
LAN-01015,Hyperlane Route,59d5887c,07115d02,1343.58,202.61,243.13,0.729
LAN-01016,Hyperlane Route,34057b0d,1c9c4f97,1380.75,179.24,215.09,0.698
LAN-01017,Hyperlane Route,34057b0d,05438d53,1900.04,285.57,342.69,0.84
LAN-01018,Military Corridor,bf8912d1,936c287f,1363.2,604.26,604.26,0.899
LAN-01019,Hyperlane Route,136d39d5,30d6b446,1392.84,145.64,174.77,0.553
LAN-01020,Hyperlane Route,4e1371de,aa55e7dd,1584.62,190.13,228.15,0.588
LAN-01021,Hyperlane Route,4e1371de,7c0cc386,1726.17,440.25,528.3,0.696
LAN-01022,Military Corridor,ad3157c1,80d2e06b,1423.6,561.7,561.7,0.866
LAN-01023,Hyperlane Route,ad3157c1,c5726c64,1878.37,444.06,532.87,0.753
LAN-01024,Hyperlane Route,d487d983,eb43d799,1413.77,127.07,152.48,0.748
LAN-01025,Hyperlane Route,53d33b8f,4fc4e1a5,1311.69,317.42,380.9,0.529
LAN-01026,Hyperlane Route,650df9b0,179b8b59,1532.48,283.32,339.98,0.67
LAN-01027,Hyperlane Route,179210d9,5a9ad0d4,1387.38,166.31,199.57,0.831
LAN-01028,Military Corridor,179210d9,dacd2e39,1817.18,724.99,724.99,0.944
LAN-01029,Hyperlane Route,179210d9,d626bdf3,1966.0,284.92,341.9,0.644
LAN-01030,Hyperlane Route,4b7c064b,396949f1,1111.77,360.39,432.47,0.691
LAN-01031,Hyperlane Route,4b7c064b,a915a1f1,1195.28,124.91,149.89,0.679
LAN-01032,Hyperlane Route,50580b5b,7d4687e1,1081.2,422.56,507.07,0.661
LAN-01033,Hyperlane Route,50580b5b,eba808b1,1240.23,120.78,144.94,0.775
LAN-01034,Hyperlane Route,041365c9,d509a726,1388.78,180.55,216.65,0.591
LAN-01035,Hyperlane Route,2ec42605,638cd7d3,1242.97,165.88,199.06,0.616
LAN-01036,Hyperlane Route,2ec42605,569fbf22,1251.54,402.7,483.24,0.682
LAN-01037,Hyperlane Route,3144372a,ecf07b9a,1202.05,181.95,218.34,0.807
LAN-01038,Hyperlane Route,3144372a,29f54147,1409.83,451.83,542.2,0.805
LAN-01039,Hyperlane Route,3144372a,42ab1d52,1456.14,195.52,234.62,0.658
LAN-01040,Military Corridor,563f29de,9081a1f7,656.2,792.49,792.49,0.958
LAN-01041,Hyperlane Route,563f29de,15446763,1255.48,110.87,133.04,0.523
LAN-01042,Hyperlane Route,563f29de,b2237089,1655.77,285.57,342.69,0.818
LAN-01043,Hyperlane Route,06362388,62ccb853,1203.88,315.48,378.58,0.674
LAN-01044,Military Corridor,a71fac37,25c7f883,1014.07,352.74,352.74,0.942
LAN-01045,Hyperlane Route,ed516e04,46ecf74b,979.04,428.84,514.61,0.633
LAN-01046,Hyperlane Route,ed516e04,2de6f589,1255.68,410.24,492.29,0.838
LAN-01047,Hyperlane Route,ed516e04,88137a6d,1257.51,181.51,217.81,0.683
LAN-01048,Hyperlane Route,4633ccff,ba7f60fd,530.16,214.86,257.83,0.777
LAN-01049,Hyperlane Route,4633ccff,cd7f77fc,1171.75,331.04,397.24,0.722
LAN-01050,Hyperlane Route,4633ccff,237e461a,1554.94,419.17,503.0,0.639
LAN-01051,Military Corridor,fc6e3f38,e02e84ef,784.67,757.55,757.55,0.925
LAN-01052,Military Corridor,fc6e3f38,030a27f0,954.21,378.98,378.98,0.947
LAN-01053,Military Corridor,fc6e3f38,d35f9ca4,1153.66,696.63,696.63,0.894
LAN-01054,Hyperlane Route,415f2890,ab40c2be,1558.06,442.87,531.45,0.817
LAN-01055,Hyperlane Route,415f2890,eaefe5c4,1772.2,210.76,252.91,0.844
LAN-01056,Hyperlane Route,41cbbfa3,dc65b160,1096.19,156.28,187.54,0.571
LAN-01057,Hyperlane Route,897d9f17,a08d7656,1092.31,173.69,208.43,0.813
LAN-01058,Hyperlane Route,897d9f17,1a5aea24,1654.78,361.72,434.06,0.553
LAN-01059,Hyperlane Route,1b2f89c3,b04073fa,770.1,276.13,331.36,0.715
LAN-01060,Hyperlane Route,1b2f89c3,d224a7f8,1374.14,133.39,160.06,0.809
LAN-01061,Trade Artery,c37cbca3,69a0cbc9,1535.47,1303.6,3259.01,0.891
LAN-01062,Hyperlane Route,86262b1a,4d9a3ec0,987.66,486.85,584.22,0.646
LAN-01063,Hyperlane Route,86262b1a,2dc6f993,1559.7,493.64,592.37,0.734
LAN-01064,Hyperlane Route,0e73a21b,255cdee9,1761.99,353.87,424.64,0.558
LAN-01065,Military Corridor,9081a1f7,15446763,1282.79,740.96,740.96,0.91
LAN-01066,Hyperlane Route,8be48539,0d0e9f45,1816.76,164.89,197.87,0.504
LAN-01067,Hyperlane Route,8be48539,2dc6f993,1937.97,323.9,388.68,0.685
LAN-01068,Hyperlane Route,179b8b59,22d967e2,1937.54,387.74,465.29,0.812
LAN-01069,Hyperlane Route,9910f472,1475831c,565.84,131.76,158.12,0.756
LAN-01070,Hyperlane Route,9910f472,ba32b3bf,1453.26,174.96,209.96,0.8
LAN-01071,Hyperlane Route,465500fc,87a212ea,1578.96,427.63,513.15,0.689
LAN-01072,Military Corridor,82d87ebd,472fc1f1,1521.87,655.12,655.12,0.894
LAN-01073,Hyperlane Route,3ff7f130,72b45f97,1351.27,288.47,346.16,0.788
LAN-01074,Hyperlane Route,3ff7f130,8405f8a2,1496.63,283.71,340.45,0.625
LAN-01075,Hyperlane Route,3ff7f130,06b92a40,1550.81,297.68,357.22,0.79
LAN-01076,Hyperlane Route,d224a7f8,062b80e3,485.46,234.08,280.9,0.561
LAN-01077,Hyperlane Route,6d95ee33,9fc21337,525.07,384.81,461.77,0.789
LAN-01078,Hyperlane Route,6d95ee33,f7cfa365,1898.24,140.25,168.31,0.584
LAN-01079,Hyperlane Route,492d6550,6f445231,824.94,156.79,188.15,0.622
LAN-01080,Hyperlane Route,492d6550,5679a237,1371.52,280.14,336.17,0.762
LAN-01081,Hyperlane Route,0ba83e15,abf1d9c6,1224.54,360.46,432.55,0.717
LAN-01082,Hyperlane Route,17cbbbf1,9b62ffa7,1501.09,240.95,289.14,0.795
LAN-01083,Hyperlane Route,17cbbbf1,998ab19a,1539.95,288.51,346.22,0.843
LAN-01084,Hyperlane Route,c6de0b3f,32ceae76,632.78,353.66,424.39,0.544
LAN-01085,Hyperlane Route,013e2852,7200a3bc,1429.21,370.47,444.57,0.614
LAN-01086,Hyperlane Route,6cbee71d,ba33dd6b,618.25,374.53,449.44,0.524
LAN-01087,Hyperlane Route,f2341c1a,0095d960,1962.41,169.95,203.94,0.8
LAN-01088,Hyperlane Route,b5119dc5,4fc4e1a5,1346.13,190.87,229.05,0.793
LAN-01089,Hyperlane Route,998ab19a,9b62ffa7,607.67,211.71,254.05,0.725
LAN-01090,Hyperlane Route,7356be09,b6a1552d,1348.75,377.66,453.19,0.679
LAN-01091,Hyperlane Route,7356be09,e31a480e,1525.43,222.12,266.55,0.574
LAN-01092,Hyperlane Route,4d9a3ec0,2dc6f993,1595.83,113.28,135.93,0.606
LAN-01093,Hyperlane Route,89d8c40b,8bbb3a73,1868.52,361.27,433.52,0.828
LAN-01094,Hyperlane Route,89d8c40b,53281e80,1881.2,448.48,538.18,0.768
LAN-01095,Hyperlane Route,ac0752c9,fbb844dc,1773.96,415.38,498.45,0.733
LAN-01096,Hyperlane Route,19aac56b,ab4c2378,1072.64,204.11,244.94,0.818
LAN-01097,Hyperlane Route,19aac56b,1b268570,1462.5,368.29,441.95,0.696
LAN-01098,Hyperlane Route,bc8c7e21,28fc036a,782.82,144.4,173.27,0.656
LAN-01099,Hyperlane Route,807c7f9a,e90ac907,1557.9,284.14,340.97,0.803
LAN-01100,Hyperlane Route,d35f9ca4,e02e84ef,816.28,318.66,382.39,0.633
LAN-01101,Hyperlane Route,d35f9ca4,030a27f0,1046.42,490.72,588.86,0.539
LAN-01102,Hyperlane Route,b536f6da,8af3cb80,714.51,269.02,322.82,0.515
LAN-01103,Hyperlane Route,b536f6da,2dcd4b15,1345.01,395.96,475.15,0.821
LAN-01104,Military Corridor,b4d131d9,4c130f6d,1240.03,440.02,440.02,0.97
LAN-01105,Hyperlane Route,b4d131d9,abd87d06,1949.53,216.89,260.26,0.819
LAN-01106,Hyperlane Route,b4d131d9,e4d1762c,1997.27,401.58,481.9,0.782
LAN-01107,Hyperlane Route,ab40c2be,eaefe5c4,587.54,107.2,128.64,0.837
LAN-01108,Hyperlane Route,08bcb72c,58114dea,960.11,390.67,468.8,0.607
LAN-01109,Hyperlane Route,08bcb72c,69a0cbc9,1122.86,431.76,518.11,0.599
LAN-01110,Hyperlane Route,c40db321,a9d80bfd,749.16,449.1,538.92,0.539
LAN-01111,Hyperlane Route,c40db321,3c2e37c0,767.12,381.47,457.77,0.689
LAN-01112,Hyperlane Route,7200a3bc,30f60854,779.68,138.61,166.34,0.585
LAN-01113,Hyperlane Route,ba32b3bf,1475831c,1387.89,104.96,125.95,0.664
LAN-01114,Hyperlane Route,6a4877b4,e41acc5f,1770.29,220.51,264.61,0.709
LAN-01115,Hyperlane Route,6b36fdc7,f0857ddd,1650.99,218.9,262.67,0.605
LAN-01116,Hyperlane Route,85d91d79,9bb2c568,1571.49,397.28,476.73,0.517
LAN-01117,Hyperlane Route,e254a5dd,9ca455cb,824.89,461.16,553.39,0.798
LAN-01118,Hyperlane Route,e254a5dd,103a7fb6,1242.94,367.12,440.55,0.708
LAN-01119,Hyperlane Route,e254a5dd,7d4687e1,1300.8,456.92,548.31,0.565
LAN-01120,Hyperlane Route,9c68fb17,15d7bd9d,906.12,131.59,157.91,0.584
LAN-01121,Military Corridor,9c68fb17,09f83e94,964.67,697.29,697.29,0.855
LAN-01122,Hyperlane Route,9c68fb17,26815867,1206.13,333.12,399.75,0.848
LAN-01123,Hyperlane Route,453b5577,870bffb3,1129.34,442.28,530.73,0.683
LAN-01124,Military Corridor,be9a64f4,a58ff1f3,453.42,331.82,331.82,0.966
LAN-01125,Military Corridor,be9a64f4,8ce2a06e,977.29,599.49,599.49,0.866
LAN-01126,Military Corridor,be9a64f4,471dfbf1,997.02,346.93,346.93,0.977
LAN-01127,Military Corridor,aa55e7dd,94bfa287,1467.93,634.6,634.6,0.966
LAN-01128,Hyperlane Route,08d60348,746bf383,1098.78,451.59,541.91,0.7
LAN-01129,Hyperlane Route,27b516dd,2d39dd9d,1038.26,306.98,368.37,0.651
LAN-01130,Hyperlane Route,ba7f60fd,cd7f77fc,1534.65,226.78,272.13,0.652
LAN-01131,Hyperlane Route,ba7f60fd,237e461a,1676.17,409.55,491.46,0.711
LAN-01132,Hyperlane Route,2c60a1de,e1716de2,585.66,457.01,548.41,0.655
LAN-01133,Trade Artery,a36c0a0c,e2176638,1855.98,1107.09,2767.72,0.914
LAN-01134,Hyperlane Route,85cb4c03,1d8d6567,1399.28,336.68,404.01,0.746
LAN-01135,Hyperlane Route,85cb4c03,eaefe5c4,1611.75,194.97,233.97,0.679
LAN-01136,Hyperlane Route,85cb4c03,1e379605,1938.92,141.69,170.03,0.635
LAN-01137,Military Corridor,ac0c30d2,5e1e7929,1698.33,543.83,543.83,0.941
LAN-01138,Hyperlane Route,ae74d7cd,d168676a,1049.96,480.21,576.25,0.71
LAN-01139,Hyperlane Route,ae74d7cd,d92d04da,1615.24,397.44,476.93,0.677
LAN-01140,Hyperlane Route,dad36877,6144e36c,1477.6,353.64,424.37,0.525
LAN-01141,Military Corridor,aba25f48,74d538e3,532.88,427.2,427.2,0.901
LAN-01142,Hyperlane Route,aba25f48,5a6feec9,886.53,289.0,346.8,0.516
LAN-01143,Hyperlane Route,9afa0793,c4d0dd0c,707.24,156.01,187.21,0.597
LAN-01144,Hyperlane Route,9afa0793,15ef3488,1207.4,488.61,586.34,0.616
LAN-01145,Hyperlane Route,1f6a7f33,b2397446,678.07,292.82,351.38,0.569
LAN-01146,Hyperlane Route,1f6a7f33,aae5f615,1589.64,344.31,413.17,0.598
LAN-01147,Hyperlane Route,8ce2a06e,8c2f26da,1035.29,182.8,219.36,0.681
LAN-01148,Hyperlane Route,8ce2a06e,a58ff1f3,1122.64,102.2,122.64,0.503
LAN-01149,Hyperlane Route,7c0cc386,90e8097e,1379.92,187.63,225.15,0.513
LAN-01150,Hyperlane Route,7c0cc386,2b4e30b7,1794.04,143.21,171.85,0.619
LAN-01151,Hyperlane Route,42a4e578,80468f6e,1654.14,421.03,505.24,0.7
LAN-01152,Hyperlane Route,07115d02,81be0011,1212.7,305.07,366.08,0.603
LAN-01153,Hyperlane Route,507fe63e,ab4c2378,1189.68,472.7,567.24,0.639
LAN-01154,Hyperlane Route,507fe63e,19aac56b,1833.54,134.84,161.8,0.716
LAN-01155,Hyperlane Route,659d98f7,84767f1c,1482.69,145.54,174.64,0.621
LAN-01156,Hyperlane Route,659d98f7,bb3eb758,1523.77,302.96,363.56,0.806
LAN-01157,Hyperlane Route,7fb7f195,8af3cb80,1228.01,297.42,356.9,0.746
LAN-01158,Hyperlane Route,7fb7f195,b536f6da,1809.53,497.13,596.55,0.546
LAN-01159,Military Corridor,12935a73,cd2e395c,549.95,437.37,437.37,0.905
LAN-01160,Military Corridor,12935a73,4b7fc619,1661.24,510.91,510.91,0.908
LAN-01161,Military Corridor,c3b2836b,305333b9,1555.28,753.81,753.81,0.95
LAN-01162,Hyperlane Route,8e7872ca,9a3d1d02,1971.69,343.16,411.79,0.608
LAN-01163,Hyperlane Route,43e6a944,d34f2273,1437.34,429.52,515.42,0.834
LAN-01164,Hyperlane Route,29baa1fe,598e4966,1298.84,428.48,514.18,0.501
LAN-01165,Hyperlane Route,02143620,ea34b446,590.17,354.56,425.47,0.518
LAN-01166,Hyperlane Route,02143620,a64f1752,687.34,203.04,243.65,0.521
LAN-01167,Hyperlane Route,b988e995,208ea3f1,1458.26,341.52,409.82,0.74
LAN-01168,Hyperlane Route,2de6f589,c1877943,1442.91,145.8,174.95,0.634
LAN-01169,Hyperlane Route,2de6f589,88137a6d,1659.68,282.49,338.99,0.629
LAN-01170,Hyperlane Route,1e379605,3e9b6cc7,1082.55,148.41,178.09,0.647
LAN-01171,Hyperlane Route,1e379605,e8aa4c5b,1340.3,400.47,480.57,0.525
LAN-01172,Hyperlane Route,dceddb79,e2190799,1339.53,132.07,158.49,0.624
LAN-01173,Military Corridor,dceddb79,21e97463,1622.2,770.86,770.86,0.944
LAN-01174,Hyperlane Route,87a212ea,b66c5fa9,1661.02,371.47,445.76,0.627
LAN-01175,Hyperlane Route,03b36f2b,259a2489,1697.12,337.46,404.96,0.504
LAN-01176,Hyperlane Route,3e505d60,e74ab968,1154.35,354.44,425.33,0.82
LAN-01177,Hyperlane Route,5a6feec9,b47c4419,577.36,345.03,414.04,0.806
LAN-01178,Hyperlane Route,0d5fe863,656b03ff,784.67,389.59,467.51,0.542
LAN-01179,Hyperlane Route,0d5fe863,89ce852a,1767.0,460.98,553.18,0.523
LAN-01180,Hyperlane Route,0d5fe863,3d7b08c1,1844.02,313.59,376.3,0.55
LAN-01181,Hyperlane Route,249c260a,14401c4a,1497.17,104.68,125.62,0.648
LAN-01182,Hyperlane Route,eaefe5c4,e8aa4c5b,1312.48,218.02,261.62,0.67
LAN-01183,Military Corridor,90131138,61f5947e,956.45,588.6,588.6,0.856
LAN-01184,Hyperlane Route,90131138,8af4a5c2,1831.93,149.2,179.04,0.696
LAN-01185,Hyperlane Route,32ceae76,65fe2b07,1091.32,237.27,284.72,0.755
LAN-01186,Hyperlane Route,c5726c64,b536f6da,1570.51,360.92,433.1,0.796
LAN-01187,Hyperlane Route,de6f933e,b3175283,1498.22,377.0,452.4,0.65
LAN-01188,Hyperlane Route,de6f933e,59e56112,1563.47,369.19,443.02,0.596
LAN-01189,Hyperlane Route,65fe2b07,04308117,1504.01,222.53,267.03,0.776
LAN-01190,Hyperlane Route,65fe2b07,c6de0b3f,1535.36,278.57,334.28,0.779
LAN-01191,Hyperlane Route,0d0e9f45,44eed999,1914.85,428.97,514.76,0.8
LAN-01192,Hyperlane Route,6a78c867,300dd191,1135.85,466.65,559.98,0.651
LAN-01193,Military Corridor,3e037a1c,659d98f7,1960.97,459.43,459.43,0.932
LAN-01194,Hyperlane Route,51cdd6f8,b3b883fb,1801.44,248.47,298.16,0.71
LAN-01195,Hyperlane Route,bd53a0a4,b84e5edc,1511.88,382.23,458.68,0.741
LAN-01196,Hyperlane Route,bd53a0a4,1e8613e9,1592.39,249.82,299.79,0.558
LAN-01197,Hyperlane Route,11bac5d2,ed0d997b,1800.25,272.21,326.65,0.55
LAN-01198,Hyperlane Route,11bac5d2,4d6b9e7d,1808.99,456.04,547.25,0.621
LAN-01199,Hyperlane Route,11bac5d2,260b715e,1918.59,161.78,194.14,0.509
LAN-01200,Hyperlane Route,8b7ab053,8405f8a2,1501.29,358.33,429.99,0.723
LAN-01201,Hyperlane Route,8500084c,42877080,1829.11,236.24,283.49,0.525
LAN-01202,Hyperlane Route,8500084c,2f87947a,1999.21,263.85,316.62,0.609
LAN-01203,Hyperlane Route,ad82f4bb,be3a7b58,1564.62,370.85,445.02,0.712
LAN-01204,Hyperlane Route,ad82f4bb,30f60854,1612.87,245.84,295.0,0.576
LAN-01205,Hyperlane Route,c4d0dd0c,811709f6,1297.4,495.21,594.26,0.659
LAN-01206,Hyperlane Route,c4d0dd0c,15ef3488,1317.62,375.31,450.37,0.549
LAN-01207,Trade Artery,41bf3fe6,4f448a53,949.5,985.59,2463.97,0.805
LAN-01208,Hyperlane Route,41bf3fe6,ae1a74cd,1345.59,302.18,362.62,0.837
LAN-01209,Hyperlane Route,bb817281,caab8c4c,1213.04,253.68,304.42,0.514
LAN-01210,Hyperlane Route,76e092fc,009ceee0,562.31,112.38,134.86,0.636
LAN-01211,Hyperlane Route,76e092fc,2fb112b0,1515.94,164.01,196.81,0.508
LAN-01212,Hyperlane Route,76e092fc,e2b444b8,1529.96,402.49,482.98,0.66
LAN-01213,Hyperlane Route,110eb7b5,15ebd3b7,1262.92,215.7,258.84,0.815
LAN-01214,Hyperlane Route,110eb7b5,453749f1,1314.34,146.46,175.75,0.835
LAN-01215,Hyperlane Route,110eb7b5,aec5a9b6,1465.71,225.59,270.7,0.811
LAN-01216,Military Corridor,4524e1a1,840d8b8f,716.52,601.47,601.47,0.966
LAN-01217,Hyperlane Route,4524e1a1,172a4b44,1020.68,493.61,592.33,0.601
LAN-01218,Hyperlane Route,3a01aada,7d9dadab,1567.63,484.45,581.35,0.636
LAN-01219,Hyperlane Route,d16ba6d2,2c05c3d1,520.49,254.2,305.05,0.619
LAN-01220,Military Corridor,d16ba6d2,eb590d95,1172.02,570.7,570.7,0.872
LAN-01221,Hyperlane Route,d16ba6d2,e01906e3,1589.24,321.48,385.78,0.69
LAN-01222,Hyperlane Route,03fd8207,09f22e9f,981.91,404.76,485.71,0.792
LAN-01223,Hyperlane Route,a2d354d7,8af3cb80,1873.33,276.18,331.41,0.606
LAN-01224,Hyperlane Route,a2d354d7,dbc7276b,1940.91,203.73,244.48,0.568
LAN-01225,Hyperlane Route,396949f1,f436e82c,746.64,123.06,147.67,0.62
LAN-01226,Hyperlane Route,5b5bc2e0,419c001a,1255.81,208.1,249.72,0.838
LAN-01227,Hyperlane Route,5b5bc2e0,08c6dfdb,1720.31,323.08,387.7,0.622
LAN-01228,Hyperlane Route,d7048c10,5329a15a,1275.54,332.19,398.62,0.549
LAN-01229,Hyperlane Route,eba808b1,b633c223,1285.18,277.62,333.14,0.719
LAN-01230,Hyperlane Route,dcb9022b,c95f4364,1204.01,295.56,354.67,0.641
LAN-01231,Hyperlane Route,dcb9022b,249c260a,1635.45,497.54,597.05,0.808
LAN-01232,Hyperlane Route,8bdfcdeb,549a4949,1183.74,349.36,419.23,0.699
LAN-01233,Hyperlane Route,8bdfcdeb,a0dfcd1d,1236.6,348.26,417.92,0.57
LAN-01234,Hyperlane Route,8bdfcdeb,5efb46bf,1706.26,258.06,309.67,0.514
LAN-01235,Hyperlane Route,17f2ba68,0fadbf92,1272.47,290.22,348.26,0.69
LAN-01236,Hyperlane Route,17f2ba68,a578783b,1277.36,191.1,229.32,0.837
LAN-01237,Trade Artery,b04073fa,83611aa7,1058.61,1409.45,3523.64,0.93
LAN-01238,Hyperlane Route,8c2f26da,7d4687e1,1351.94,313.35,376.03,0.804
LAN-01239,Trade Artery,8494b7b9,4ad5d8f7,1591.86,630.65,1576.63,0.942
LAN-01240,Military Corridor,bfb6257c,7c776761,792.68,362.41,362.41,0.961
LAN-01241,Hyperlane Route,30d6b446,6cb48572,1874.85,210.31,252.37,0.807
LAN-01242,Hyperlane Route,d168676a,d92d04da,909.07,477.62,573.14,0.552
LAN-01243,Hyperlane Route,ef1ac7b4,15446763,1332.2,285.07,342.08,0.843
LAN-01244,Hyperlane Route,ef1ac7b4,28d28df2,1679.79,293.36,352.04,0.802
LAN-01245,Hyperlane Route,3a7bc0a1,731fdccc,1127.24,335.49,402.59,0.631
LAN-01246,Hyperlane Route,4b7fc619,cd2e395c,1510.44,214.31,257.18,0.571
LAN-01247,Hyperlane Route,577652f8,c7017b6e,1554.4,404.72,485.66,0.635
LAN-01248,Hyperlane Route,577652f8,9f05fe7b,1572.58,304.51,365.41,0.672
LAN-01249,Hyperlane Route,6f445231,5679a237,1320.52,330.91,397.09,0.803
LAN-01250,Military Corridor,74d538e3,5a6feec9,1032.64,790.37,790.37,0.907
LAN-01251,Hyperlane Route,e41acc5f,3803da09,1920.12,431.01,517.21,0.768
LAN-01252,Military Corridor,305333b9,92ad9b56,1495.06,586.76,586.76,0.984
LAN-01253,Hyperlane Route,453749f1,15ebd3b7,1193.48,180.19,216.23,0.538
LAN-01254,Hyperlane Route,68fc2563,a0dfcd1d,1542.3,441.58,529.9,0.654
LAN-01255,Hyperlane Route,68fc2563,549a4949,1603.91,438.79,526.55,0.813
LAN-01256,Hyperlane Route,8af3cb80,2dcd4b15,1565.44,124.98,149.98,0.809
LAN-01257,Military Corridor,840d8b8f,172a4b44,1372.63,524.16,524.16,0.921
LAN-01258,Hyperlane Route,f7cfa365,4c8ab099,1555.09,350.64,420.76,0.824
LAN-01259,Hyperlane Route,29f54147,ca42f12c,717.53,107.65,129.18,0.667
LAN-01260,Hyperlane Route,29f54147,42ab1d52,729.01,375.09,450.11,0.753
LAN-01261,Military Corridor,4c130f6d,909275b3,1697.55,646.27,646.27,0.869
LAN-01262,Hyperlane Route,a915a1f1,396949f1,1863.39,219.76,263.71,0.626
LAN-01263,Hyperlane Route,e1716de2,0fadbf92,1257.93,421.77,506.13,0.598
LAN-01264,Hyperlane Route,da17f992,6b142b99,1646.93,184.28,221.14,0.835
LAN-01265,Military Corridor,bcd867ac,74d538e3,1227.31,304.43,304.43,0.99
LAN-01266,Hyperlane Route,bcd867ac,aba25f48,1334.08,370.73,444.87,0.79
LAN-01267,Hyperlane Route,bcd867ac,2b6f2de2,1947.88,217.85,261.42,0.505
LAN-01268,Military Corridor,a276d766,a8f2e669,1651.78,668.93,668.93,0.967
LAN-01269,Hyperlane Route,b2cdf39c,656b03ff,1907.39,396.19,475.43,0.55
LAN-01270,Hyperlane Route,1b268570,ab4c2378,1410.09,401.37,481.65,0.769
LAN-01271,Trade Artery,21e97463,db8fee6b,1928.42,1158.54,2896.35,0.938
LAN-01272,Hyperlane Route,a0dfcd1d,549a4949,610.11,438.37,526.04,0.715
LAN-01273,Military Corridor,2c05c3d1,eb590d95,1579.23,344.3,344.3,0.918
LAN-01274,Hyperlane Route,2c05c3d1,ba7f60fd,1738.91,131.06,157.27,0.643
LAN-01275,Hyperlane Route,efc41c68,d2fe295c,1573.52,262.84,315.41,0.523
LAN-01276,Hyperlane Route,a63bcdad,f18906fa,1473.01,239.53,287.43,0.539
LAN-01277,Hyperlane Route,aae5f615,4858724a,1897.19,423.29,507.95,0.832
LAN-01278,Hyperlane Route,3e9b6cc7,6d433985,1857.38,128.93,154.71,0.834
LAN-01279,Hyperlane Route,ec2b6c68,b0c841e9,1529.36,309.03,370.84,0.605
LAN-01280,Hyperlane Route,3ebbd767,e74ab968,1353.09,130.74,156.89,0.675
LAN-01281,Military Corridor,eb590d95,e01906e3,1254.27,697.26,697.26,0.949
LAN-01282,Hyperlane Route,bb3eb758,eaac8b8c,1594.66,120.09,144.11,0.526
LAN-01283,Hyperlane Route,bc3cf258,dbc7276b,937.45,261.15,313.38,0.603
LAN-01284,Hyperlane Route,bc3cf258,d8576aaf,1336.29,192.95,231.54,0.598
LAN-01285,Hyperlane Route,259a2489,0b27d229,1620.98,421.39,505.67,0.825
LAN-01286,Hyperlane Route,2dc6f993,2a478f10,1710.26,262.04,314.45,0.817
LAN-01287,Hyperlane Route,a08d7656,362c4daa,1415.88,228.6,274.32,0.667
LAN-01288,Military Corridor,f2146805,8676a083,431.35,413.01,413.01,0.94
LAN-01289,Hyperlane Route,69a0cbc9,58114dea,1525.92,491.59,589.91,0.711
LAN-01290,Hyperlane Route,569fbf22,638cd7d3,1371.82,243.13,291.75,0.727
LAN-01291,Hyperlane Route,f0857ddd,95d3383e,1744.37,149.17,179.0,0.811
LAN-01292,Hyperlane Route,e4d1762c,0ac55275,1573.82,301.23,361.48,0.657
LAN-01293,Hyperlane Route,e4d1762c,e5cc1727,1927.16,334.35,401.22,0.719
LAN-01294,Hyperlane Route,656b03ff,89ce852a,1642.47,128.71,154.45,0.739
LAN-01295,Hyperlane Route,41fc2dd4,e85bac43,1872.36,196.77,236.13,0.75
LAN-01296,Hyperlane Route,e02e84ef,030a27f0,271.45,429.01,514.82,0.781
LAN-01297,Hyperlane Route,746bf383,8a275897,1730.68,321.0,385.2,0.682
LAN-01298,Trade Artery,607fd3e2,93dff340,1198.54,642.88,1607.19,0.94
LAN-01299,Military Corridor,607fd3e2,5e6d8a25,1477.1,435.7,435.7,0.92
LAN-01300,Hyperlane Route,3bb488d9,9c68fb17,1321.36,213.71,256.45,0.547
LAN-01301,Hyperlane Route,3bb488d9,0e11fed7,1469.57,351.82,422.19,0.519
LAN-01302,Hyperlane Route,3bb488d9,0d51013f,1501.92,399.46,479.35,0.611
LAN-01303,Hyperlane Route,608f0962,89d8c40b,1905.72,100.05,120.06,0.679
LAN-01304,Hyperlane Route,a1205430,e93cced9,1858.54,118.74,142.49,0.597
LAN-01305,Hyperlane Route,6b4348da,4858724a,1610.22,382.79,459.35,0.522
LAN-01306,Hyperlane Route,3ce6b4ed,a58ff1f3,1007.21,435.74,522.88,0.501
LAN-01307,Trade Artery,3ce6b4ed,be9a64f4,1258.0,746.82,1867.06,0.933
LAN-01308,Hyperlane Route,3ce6b4ed,471dfbf1,1617.71,226.51,271.81,0.536
LAN-01309,Hyperlane Route,731fdccc,b7c960e0,1547.11,244.09,292.91,0.595
LAN-01310,Hyperlane Route,48b73528,0e11fed7,947.45,437.08,524.5,0.61
LAN-01311,Hyperlane Route,cbe22a8b,0b0226a3,1700.4,415.57,498.69,0.812
LAN-01312,Military Corridor,819b78b5,15d7bd9d,666.73,516.91,516.91,0.977
LAN-01313,Hyperlane Route,b2237089,15446763,1791.22,250.93,301.11,0.837
LAN-01314,Hyperlane Route,b0254239,69a94ba7,816.7,135.72,162.86,0.74
LAN-01315,Hyperlane Route,eaac8b8c,65042e39,1146.57,297.53,357.03,0.636
LAN-01316,Hyperlane Route,eaac8b8c,8b2d2a76,1426.08,353.08,423.7,0.746
LAN-01317,Hyperlane Route,abd87d06,d4909bf7,560.74,101.75,122.09,0.558
LAN-01318,Hyperlane Route,300dd191,f3143f78,1820.48,385.22,462.26,0.733
LAN-01319,Hyperlane Route,300dd191,99ee6195,1916.0,486.42,583.7,0.766
LAN-01320,Hyperlane Route,d3d826bd,4a028784,849.33,480.31,576.37,0.746
LAN-01321,Hyperlane Route,d3d826bd,6979b6fd,936.98,219.22,263.07,0.537
LAN-01322,Hyperlane Route,65042e39,8b2d2a76,1240.23,412.73,495.28,0.725
LAN-01323,Hyperlane Route,65042e39,9ebdf58b,1884.13,119.27,143.13,0.626
LAN-01324,Hyperlane Route,c95f4364,c693897f,1707.01,482.72,579.26,0.675
LAN-01325,Hyperlane Route,27bf7451,807c7f9a,1715.74,273.09,327.71,0.66
LAN-01326,Hyperlane Route,4d6b9e7d,ed0d997b,701.47,183.55,220.26,0.629
LAN-01327,Hyperlane Route,8e9aba61,de6f933e,1626.14,247.93,297.51,0.518
LAN-01328,Military Corridor,bab9d62d,e58f6e9b,1179.37,683.78,683.78,0.908
LAN-01329,Military Corridor,bab9d62d,b988e995,1607.03,711.09,711.09,0.969
LAN-01330,Military Corridor,bab9d62d,208ea3f1,1953.99,406.0,406.0,0.942
LAN-01331,Hyperlane Route,97305fd9,88137a6d,892.47,288.91,346.7,0.808
LAN-01332,Hyperlane Route,009ceee0,4c7a1f48,1614.94,186.3,223.56,0.737
LAN-01333,Military Corridor,009ceee0,74d538e3,1886.68,603.88,603.88,0.891
LAN-01334,Hyperlane Route,d92d04da,6f445231,1365.17,154.64,185.57,0.728
LAN-01335,Hyperlane Route,2d39dd9d,e835b2a3,1878.21,395.44,474.53,0.61
LAN-01336,Hyperlane Route,fa4881b8,8121bb10,1880.24,357.93,429.52,0.638
LAN-01337,Hyperlane Route,46ecf74b,88137a6d,1366.16,385.28,462.34,0.57
LAN-01338,Hyperlane Route,46ecf74b,28d28df2,1399.58,456.09,547.3,0.601
LAN-01339,Hyperlane Route,299fc6da,8b7ab053,1859.57,247.11,296.54,0.52
LAN-01340,Hyperlane Route,d509a726,7fbfec95,559.44,144.6,173.53,0.681
LAN-01341,Hyperlane Route,99ee6195,6a955b65,1163.4,207.04,248.44,0.792
LAN-01342,Hyperlane Route,99ee6195,0b27d229,1239.88,105.88,127.05,0.633
LAN-01343,Hyperlane Route,ea34b446,a64f1752,436.72,234.94,281.93,0.507
LAN-01344,Hyperlane Route,ea34b446,e2b444b8,1112.57,149.75,179.7,0.645
LAN-01345,Hyperlane Route,a576f5a6,6979b6fd,839.96,297.15,356.58,0.642
LAN-01346,Hyperlane Route,a576f5a6,4a028784,1051.96,312.38,374.85,0.708
LAN-01347,Hyperlane Route,2ee67c76,f5086a77,1670.49,103.97,124.76,0.662
LAN-01348,Hyperlane Route,2ee67c76,fc890aa7,1718.81,485.4,582.48,0.682
LAN-01349,Hyperlane Route,2ee67c76,61bec44a,1809.48,371.02,445.22,0.609
LAN-01350,Hyperlane Route,1bbd50c1,213b5d5e,1623.04,409.6,491.52,0.771
LAN-01351,Hyperlane Route,6cd46a40,3e340926,1248.18,308.52,370.22,0.842
LAN-01352,Trade Artery,6cd46a40,2e010e14,1443.1,625.55,1563.88,0.803
LAN-01353,Hyperlane Route,be3a7b58,fc1c6b53,1398.41,408.06,489.68,0.783
LAN-01354,Hyperlane Route,be3a7b58,4858724a,1946.68,148.08,177.7,0.593
LAN-01355,Hyperlane Route,d3029333,7d9dadab,1370.8,107.02,128.43,0.603
LAN-01356,Hyperlane Route,d3029333,9652fc35,1470.37,409.26,491.11,0.681
LAN-01357,Hyperlane Route,9ebdf58b,8b2d2a76,1636.07,239.24,287.09,0.63
LAN-01358,Hyperlane Route,9ebdf58b,2ee67c76,1921.78,100.54,120.65,0.605
LAN-01359,Hyperlane Route,2f94feaa,f8c6eeef,1894.72,358.58,430.3,0.841
LAN-01360,Hyperlane Route,6979b6fd,4a028784,677.25,438.82,526.59,0.508
LAN-01361,Hyperlane Route,d9468784,1bf94b9c,1144.56,459.42,551.31,0.774
LAN-01362,Hyperlane Route,d9468784,d819aef8,1296.61,412.15,494.58,0.66
LAN-01363,Hyperlane Route,15ebd3b7,a76c941f,988.66,259.2,311.04,0.606
LAN-01364,Trade Artery,c195d72c,6f116dc8,1437.2,565.69,1414.24,0.841
LAN-01365,Hyperlane Route,d2587cf7,f549dffa,1869.77,198.64,238.37,0.669
LAN-01366,Military Corridor,b47c4419,74d538e3,1312.42,673.72,673.72,0.916
LAN-01367,Hyperlane Route,2cada0c1,9341632f,971.39,123.14,147.77,0.835
LAN-01368,Hyperlane Route,2cada0c1,ca42f12c,1400.3,477.09,572.51,0.775
LAN-01369,Hyperlane Route,2cada0c1,42ab1d52,1639.32,496.53,595.84,0.691
LAN-01370,Hyperlane Route,c6d6b3fd,0a04a69f,1990.55,485.11,582.13,0.526
LAN-01371,Hyperlane Route,f436e82c,1451b4fa,943.55,246.27,295.53,0.579
LAN-01372,Hyperlane Route,650ae5a0,4a5e906d,1294.07,178.33,214.0,0.549
LAN-01373,Hyperlane Route,9ca455cb,7d4687e1,829.61,348.97,418.76,0.773
LAN-01374,Military Corridor,09f22e9f,25c7f883,1698.93,589.15,589.15,0.871
LAN-01375,Hyperlane Route,a866c35c,e31a480e,1481.38,424.45,509.34,0.723
LAN-01376,Hyperlane Route,472fc1f1,d43ca547,1824.7,255.27,306.32,0.736
LAN-01377,Hyperlane Route,92db43d5,e24dc40c,1749.63,203.96,244.75,0.621
LAN-01378,Hyperlane Route,92db43d5,08c6dfdb,1901.54,466.99,560.39,0.602
LAN-01379,Hyperlane Route,6b4a448c,e2b444b8,1038.13,288.0,345.59,0.812
LAN-01380,Military Corridor,e2190799,db8fee6b,1915.88,653.86,653.86,0.859
LAN-01381,Hyperlane Route,43535b4e,92ad9b56,1404.85,158.92,190.71,0.503
LAN-01382,Hyperlane Route,43535b4e,d34f2273,1497.63,352.37,422.84,0.657
LAN-01383,Hyperlane Route,43535b4e,a5aa5b1a,1679.71,153.71,184.45,0.835
LAN-01384,Hyperlane Route,b2397446,2b588cf5,1986.91,311.86,374.24,0.585
LAN-01385,Hyperlane Route,925eebd4,613f5597,1904.3,300.24,360.29,0.738
LAN-01386,Hyperlane Route,d4909bf7,909275b3,1845.95,130.5,156.59,0.596
LAN-01387,Hyperlane Route,4f284fdb,d8576aaf,1758.83,422.79,507.34,0.661
LAN-01388,Hyperlane Route,4c8ab099,c0f265f3,1561.68,318.63,382.36,0.651
LAN-01389,Hyperlane Route,586383c8,81be0011,1504.74,117.56,141.07,0.558
