agreement_id,party_a_id,party_b_id,agreement_type,tariff_rate,volume_limit,active_ticks,trade_volume,trade_profit
TR-AGR-0001,f8c1278b86,658cf93cc4,Resource Alliance,0.06,283.7,0,0.0,0.0
TR-AGR-0002,ee951bbfab,63f01adf18,Economic Alliance,0.03,309.9,0,0.0,0.0
TR-AGR-0003,b2e833d309,a425d5c923,Resource Alliance,0.06,118.67,0,0.0,0.0
TR-AGR-0004,faf8d4b64a,3b106fa102,Resource Alliance,0.06,347.35,0,0.0,0.0
TR-AGR-0005,faf8d4b64a,0ad458611c,Resource Alliance,0.06,286.71,0,0.0,0.0
TR-AGR-0006,185a68bac9,52d6d92e6b,Resource Alliance,0.06,172.89,0,0.0,0.0
TR-AGR-0007,26b5626b6c,2b478a564d,Resource Alliance,0.06,437.81,0,0.0,0.0
TR-AGR-0008,26b5626b6c,b91403ddc4,Trade Deal,0.09,242.7,0,0.0,0.0
TR-AGR-0009,2f0954acad,3557fb1c6f,Trade Deal,0.09,445.24,0,0.0,0.0
TR-AGR-0010,c7c9fca9a1,37df7ce9be,Trade Deal,0.09,367.54,0,0.0,0.0
TR-AGR-0011,c7c9fca9a1,a7f6005fd2,Trade Deal,0.09,288.89,0,0.0,0.0
TR-AGR-0012,7419a59432,fcda05fc4e,Resource Alliance,0.06,325.31,0,0.0,0.0
TR-AGR-0013,3be9d94e07,b0eb206a08,Resource Alliance,0.06,349.74,0,0.0,0.0
TR-AGR-0014,3be9d94e07,f2bbbfc167,Trade Deal,0.09,266.6,0,0.0,0.0
TR-AGR-0015,033668785c,bbf8578e8c,Trade Deal,0.09,100.21,0,0.0,0.0
TR-AGR-0016,d2748466c9,f6221e08e8,Resource Alliance,0.06,376.97,0,0.0,0.0
TR-AGR-0017,d2748466c9,691ec52085,Trade Deal,0.09,477.16,0,0.0,0.0
TR-AGR-0018,d2748466c9,2e4e7545f5,Trade Deal,0.09,245.45,0,0.0,0.0
TR-AGR-0019,23979e6a05,a987357567,Resource Alliance,0.06,343.83,0,0.0,0.0
TR-AGR-0020,243eff68e3,be3191b575,Resource Alliance,0.06,337.08,0,0.0,0.0
TR-AGR-0021,243eff68e3,792f609a6f,Economic Alliance,0.03,195.06,0,0.0,0.0
TR-AGR-0022,9aa2eff7c3,4164b650a3,Resource Alliance,0.06,352.92,0,0.0,0.0
TR-AGR-0023,9aa2eff7c3,947f74a852,Economic Alliance,0.03,174.61,0,0.0,0.0
TR-AGR-0024,37df7ce9be,7652ec5c8d,Economic Alliance,0.03,476.21,0,0.0,0.0
TR-AGR-0025,63fff6610a,f7ed0ea8ba,Resource Alliance,0.06,469.88,0,0.0,0.0
TR-AGR-0026,ea27a17ca6,a866d8dcfc,Resource Alliance,0.06,453.05,0,0.0,0.0
TR-AGR-0027,962632e3ac,7388512271,Trade Deal,0.09,411.95,0,0.0,0.0
TR-AGR-0028,962632e3ac,f7bd18e491,Economic Alliance,0.03,414.14,0,0.0,0.0
TR-AGR-0029,0bfb7074dd,57f00e3f50,Resource Alliance,0.06,279.37,0,0.0,0.0
TR-AGR-0030,0bfb7074dd,927dbfac0b,Trade Deal,0.09,107.23,0,0.0,0.0
TR-AGR-0031,d8145cd1f0,74136dc7b0,Trade Deal,0.09,137.47,0,0.0,0.0
TR-AGR-0032,d8145cd1f0,2c6958242d,Trade Deal,0.09,489.2,0,0.0,0.0
TR-AGR-0033,d8145cd1f0,c2fe0ab024,Resource Alliance,0.06,462.44,0,0.0,0.0
TR-AGR-0034,7315025cfd,096fc37df4,Trade Deal,0.09,358.04,0,0.0,0.0
TR-AGR-0035,7315025cfd,32d2bbd884,Economic Alliance,0.03,192.07,0,0.0,0.0
TR-AGR-0036,d853839dba,c6e77e6789,Trade Deal,0.09,465.95,0,0.0,0.0
TR-AGR-0037,d853839dba,e23dc5e375,Trade Deal,0.09,232.3,0,0.0,0.0
TR-AGR-0038,c56a0b9792,75a58165a0,Economic Alliance,0.03,222.28,0,0.0,0.0
TR-AGR-0039,c56a0b9792,e12feef736,Resource Alliance,0.06,167.8,0,0.0,0.0
TR-AGR-0040,2173a01d64,9568bafb15,Resource Alliance,0.06,472.01,0,0.0,0.0
TR-AGR-0041,35390a1939,cd3cb2af45,Trade Deal,0.09,496.02,0,0.0,0.0
TR-AGR-0042,6d4e0abb77,dbf06f7273,Trade Deal,0.09,217.44,0,0.0,0.0
TR-AGR-0043,3a3695c8e9,d2748466c9,Trade Deal,0.09,344.61,0,0.0,0.0
TR-AGR-0044,a425d5c923,d7ec4d3018,Resource Alliance,0.06,286.24,0,0.0,0.0
TR-AGR-0045,a425d5c923,abb26e55dc,Trade Deal,0.09,336.33,0,0.0,0.0
TR-AGR-0046,9cad00795f,41e5776038,Resource Alliance,0.06,429.04,0,0.0,0.0
TR-AGR-0047,35b25d7eaf,c2fe0ab024,Resource Alliance,0.06,155.34,0,0.0,0.0
TR-AGR-0048,4e674c46b8,63d8758b53,Resource Alliance,0.06,200.34,0,0.0,0.0
TR-AGR-0049,4e674c46b8,15474381ae,Trade Deal,0.09,271.33,0,0.0,0.0
TR-AGR-0050,24423298c0,f004cb791e,Economic Alliance,0.03,321.74,0,0.0,0.0
TR-AGR-0051,24423298c0,66d46fcd47,Economic Alliance,0.03,326.41,0,0.0,0.0
TR-AGR-0052,95985a8620,3e1c9fe27e,Trade Deal,0.09,146.43,0,0.0,0.0
TR-AGR-0053,95985a8620,db90f4ff25,Resource Alliance,0.06,381.46,0,0.0,0.0
TR-AGR-0054,80be4440e8,626215ebea,Trade Deal,0.09,119.22,0,0.0,0.0
TR-AGR-0055,c7a93adf27,f94aaeed85,Trade Deal,0.09,249.85,0,0.0,0.0
TR-AGR-0056,c64460376e,9696ce2491,Trade Deal,0.09,370.87,0,0.0,0.0
TR-AGR-0057,c64460376e,4c8e6a8540,Trade Deal,0.09,424.48,0,0.0,0.0
TR-AGR-0058,53e4b98264,fba15f0324,Resource Alliance,0.06,182.67,0,0.0,0.0
TR-AGR-0059,abb26e55dc,415811daec,Resource Alliance,0.06,109.31,0,0.0,0.0
TR-AGR-0060,075b3fb3b1,5d94c085f5,Resource Alliance,0.06,115.67,0,0.0,0.0
TR-AGR-0061,6dfc531f16,13b6f1c19c,Trade Deal,0.09,330.37,0,0.0,0.0
TR-AGR-0062,36b91772ac,ea27a17ca6,Trade Deal,0.09,472.3,0,0.0,0.0
TR-AGR-0063,36b91772ac,8a41c4ac34,Trade Deal,0.09,461.02,0,0.0,0.0
TR-AGR-0064,cfec2df928,f61290c372,Resource Alliance,0.06,370.71,0,0.0,0.0
TR-AGR-0065,a189e2924d,467216187a,Trade Deal,0.09,412.52,0,0.0,0.0
TR-AGR-0066,30e300e760,5f5ebcf2f5,Resource Alliance,0.06,489.7,0,0.0,0.0
TR-AGR-0067,6fbfc2a11d,22c13af7a1,Trade Deal,0.09,382.5,0,0.0,0.0
TR-AGR-0068,6fbfc2a11d,faf8d4b64a,Trade Deal,0.09,193.29,0,0.0,0.0
TR-AGR-0069,81601b2e5e,927dbfac0b,Resource Alliance,0.06,269.69,0,0.0,0.0
TR-AGR-0070,72196fa906,95cba99a70,Resource Alliance,0.06,201.47,0,0.0,0.0
TR-AGR-0071,9d578c755a,8a78a0e229,Economic Alliance,0.03,291.09,0,0.0,0.0
TR-AGR-0072,9d578c755a,556d6c2378,Trade Deal,0.09,189.44,0,0.0,0.0
TR-AGR-0073,9d578c755a,c235dc422c,Resource Alliance,0.06,491.16,0,0.0,0.0
TR-AGR-0074,23094db297,1a2a63b5eb,Trade Deal,0.09,117.36,0,0.0,0.0
TR-AGR-0075,b619dd5fb5,61dc46303f,Resource Alliance,0.06,378.3,0,0.0,0.0
TR-AGR-0076,e3ba98a843,3ba7df6ae1,Economic Alliance,0.03,212.39,0,0.0,0.0
TR-AGR-0077,50f9748c73,4bf29f7756,Trade Deal,0.09,234.26,0,0.0,0.0
TR-AGR-0078,3e1c9fe27e,b7f420628f,Trade Deal,0.09,131.09,0,0.0,0.0
TR-AGR-0079,3e1c9fe27e,7315025cfd,Trade Deal,0.09,379.26,0,0.0,0.0
TR-AGR-0080,cb16d2a5bc,6c40e5c997,Resource Alliance,0.06,373.89,0,0.0,0.0
TR-AGR-0081,340e3912e2,8dcb447d0f,Trade Deal,0.09,429.01,0,0.0,0.0
TR-AGR-0082,6ebb371c3c,2c6958242d,Resource Alliance,0.06,467.67,0,0.0,0.0
TR-AGR-0083,6ebb371c3c,c4f121b6c1,Trade Deal,0.09,446.43,0,0.0,0.0
TR-AGR-0084,1b37c066da,faf8d4b64a,Resource Alliance,0.06,292.15,0,0.0,0.0
TR-AGR-0085,f4a721a47f,abb26e55dc,Trade Deal,0.09,327.63,0,0.0,0.0
TR-AGR-0086,63d8758b53,3be9d94e07,Trade Deal,0.09,402.83,0,0.0,0.0
TR-AGR-0087,415811daec,edb45b6eec,Economic Alliance,0.03,151.66,0,0.0,0.0
TR-AGR-0088,415811daec,155f4eead5,Economic Alliance,0.03,182.89,0,0.0,0.0
TR-AGR-0089,415811daec,83775e646f,Trade Deal,0.09,243.27,0,0.0,0.0
TR-AGR-0090,cb312b9d86,8bd71d17f7,Trade Deal,0.09,408.93,0,0.0,0.0
TR-AGR-0091,53dc64803e,22e010a52d,Trade Deal,0.09,402.05,0,0.0,0.0
TR-AGR-0092,5b3c302325,0130446f7e,Economic Alliance,0.03,185.19,0,0.0,0.0
TR-AGR-0093,947f74a852,6a9427ac16,Trade Deal,0.09,335.97,0,0.0,0.0
TR-AGR-0094,947f74a852,28d83c4b42,Economic Alliance,0.03,461.66,0,0.0,0.0
TR-AGR-0095,7df05aba52,d378f96d17,Resource Alliance,0.06,348.83,0,0.0,0.0
TR-AGR-0096,4a9574c523,b8c054770f,Resource Alliance,0.06,130.35,0,0.0,0.0
TR-AGR-0097,4a9574c523,ed8eb43829,Trade Deal,0.09,333.91,0,0.0,0.0
TR-AGR-0098,e99c95009e,5d262aaec3,Economic Alliance,0.03,306.09,0,0.0,0.0
TR-AGR-0099,2a34070c99,bb1351012f,Trade Deal,0.09,148.25,0,0.0,0.0
TR-AGR-0100,4c67325ea2,26b5626b6c,Trade Deal,0.09,151.5,0,0.0,0.0
TR-AGR-0101,8eadd942b0,c87f4b2d09,Resource Alliance,0.06,136.92,0,0.0,0.0
TR-AGR-0102,8eadd942b0,3a3695c8e9,Resource Alliance,0.06,250.91,0,0.0,0.0
TR-AGR-0103,6657429a7c,e13216033f,Economic Alliance,0.03,314.64,0,0.0,0.0
TR-AGR-0104,5f5ebcf2f5,15286fa1f5,Resource Alliance,0.06,285.01,0,0.0,0.0
TR-AGR-0105,095464621d,2640424e04,Resource Alliance,0.06,325.59,0,0.0,0.0
TR-AGR-0106,22e010a52d,3557fb1c6f,Trade Deal,0.09,456.21,0,0.0,0.0
TR-AGR-0107,0895acc0af,55c2a4dc5e,Trade Deal,0.09,213.51,0,0.0,0.0
TR-AGR-0108,0895acc0af,a500abb373,Trade Deal,0.09,343.02,0,0.0,0.0
TR-AGR-0109,0895acc0af,764f599826,Resource Alliance,0.06,494.61,0,0.0,0.0
TR-AGR-0110,cd650c58ff,bbf8578e8c,Trade Deal,0.09,140.71,0,0.0,0.0
TR-AGR-0111,208f64f5f9,8e65d7f5b1,Trade Deal,0.09,458.71,0,0.0,0.0
TR-AGR-0112,a03b53100a,3a375c2f6d,Trade Deal,0.09,378.78,0,0.0,0.0
TR-AGR-0113,2640424e04,c235dc422c,Resource Alliance,0.06,471.75,0,0.0,0.0
TR-AGR-0114,2640424e04,d2748466c9,Resource Alliance,0.06,407.8,0,0.0,0.0
TR-AGR-0115,2b100070c5,e3ba98a843,Economic Alliance,0.03,372.6,0,0.0,0.0
TR-AGR-0116,04b742dd38,22091a7056,Resource Alliance,0.06,432.25,0,0.0,0.0
TR-AGR-0117,04b742dd38,33e625a829,Economic Alliance,0.03,473.18,0,0.0,0.0
TR-AGR-0118,82f9ee8fb4,f6221e08e8,Resource Alliance,0.06,251.69,0,0.0,0.0
TR-AGR-0119,82f9ee8fb4,f8c1278b86,Resource Alliance,0.06,329.79,0,0.0,0.0
TR-AGR-0120,38a2dd884c,d427d38a9f,Resource Alliance,0.06,463.15,0,0.0,0.0
TR-AGR-0121,a067552faf,fcda05fc4e,Trade Deal,0.09,275.5,0,0.0,0.0
TR-AGR-0122,c6642b2284,2ed96a351c,Economic Alliance,0.03,462.59,0,0.0,0.0
TR-AGR-0123,a222a74ae8,626215ebea,Resource Alliance,0.06,475.93,0,0.0,0.0
TR-AGR-0124,a222a74ae8,862f6cbc45,Economic Alliance,0.03,377.49,0,0.0,0.0
TR-AGR-0125,a222a74ae8,ec5efdeb2d,Trade Deal,0.09,313.38,0,0.0,0.0
TR-AGR-0126,c235dc422c,a38e0777cd,Trade Deal,0.09,160.67,0,0.0,0.0
TR-AGR-0127,c235dc422c,947f74a852,Trade Deal,0.09,157.25,0,0.0,0.0
TR-AGR-0128,9dbca7c528,7994a1ada7,Resource Alliance,0.06,314.59,0,0.0,0.0
TR-AGR-0129,f714a79195,0ed21e60e5,Resource Alliance,0.06,300.92,0,0.0,0.0
TR-AGR-0130,f714a79195,9d449a31b9,Trade Deal,0.09,263.58,0,0.0,0.0
TR-AGR-0131,f6221e08e8,1c90d82c80,Trade Deal,0.09,317.09,0,0.0,0.0
TR-AGR-0132,f0cb6b0a91,70a115d461,Resource Alliance,0.06,190.94,0,0.0,0.0
TR-AGR-0133,f0cb6b0a91,3be9d94e07,Resource Alliance,0.06,345.98,0,0.0,0.0
TR-AGR-0134,609e70586f,26a6b7dcc3,Economic Alliance,0.03,337.19,0,0.0,0.0
TR-AGR-0135,26a6b7dcc3,155f4eead5,Resource Alliance,0.06,473.75,0,0.0,0.0
TR-AGR-0136,7be35390be,c59e7444f5,Trade Deal,0.09,149.87,0,0.0,0.0
TR-AGR-0137,87f864fe83,f8c1278b86,Resource Alliance,0.06,307.54,0,0.0,0.0
TR-AGR-0138,3ba7df6ae1,98fbfa35fa,Resource Alliance,0.06,397.7,0,0.0,0.0
TR-AGR-0139,3ba7df6ae1,ce97697488,Resource Alliance,0.06,101.85,0,0.0,0.0
TR-AGR-0140,3ba7df6ae1,e47a782635,Resource Alliance,0.06,265.8,0,0.0,0.0
TR-AGR-0141,fe5ce1f2b8,764f599826,Resource Alliance,0.06,170.55,0,0.0,0.0
TR-AGR-0142,fe5ce1f2b8,f61290c372,Economic Alliance,0.03,113.55,0,0.0,0.0
TR-AGR-0143,fe5ce1f2b8,63f01adf18,Trade Deal,0.09,332.24,0,0.0,0.0
TR-AGR-0144,a31575c86a,8bd71d17f7,Trade Deal,0.09,171.21,0,0.0,0.0
TR-AGR-0145,7652ec5c8d,354b63d6d6,Economic Alliance,0.03,173.79,0,0.0,0.0
TR-AGR-0146,98fbfa35fa,2b478a564d,Resource Alliance,0.06,459.22,0,0.0,0.0
TR-AGR-0147,98fbfa35fa,5db2756626,Trade Deal,0.09,349.99,0,0.0,0.0
TR-AGR-0148,6eb9b1daf2,2c6958242d,Resource Alliance,0.06,313.78,0,0.0,0.0
TR-AGR-0149,6eb9b1daf2,a987357567,Trade Deal,0.09,162.1,0,0.0,0.0
TR-AGR-0150,07a0027478,55c2a4dc5e,Trade Deal,0.09,478.45,0,0.0,0.0
TR-AGR-0151,187eb0978f,ee9099d9b7,Trade Deal,0.09,162.46,0,0.0,0.0
TR-AGR-0152,8bd71d17f7,5087e1422a,Economic Alliance,0.03,302.2,0,0.0,0.0
TR-AGR-0153,7f4ec7825c,ed8eb43829,Resource Alliance,0.06,361.1,0,0.0,0.0
TR-AGR-0154,7f4ec7825c,55c2a4dc5e,Trade Deal,0.09,197.27,0,0.0,0.0
TR-AGR-0155,a1d0ea467a,11452e96e6,Trade Deal,0.09,181.99,0,0.0,0.0
TR-AGR-0156,63f01adf18,4e674c46b8,Trade Deal,0.09,145.7,0,0.0,0.0
TR-AGR-0157,b75dce1421,d8145cd1f0,Trade Deal,0.09,203.16,0,0.0,0.0
TR-AGR-0158,4c8e6a8540,4b4e90bd89,Trade Deal,0.09,107.36,0,0.0,0.0
TR-AGR-0159,76c64a14d6,08d81107e6,Trade Deal,0.09,209.62,0,0.0,0.0
TR-AGR-0160,76c64a14d6,c7c9fca9a1,Trade Deal,0.09,298.99,0,0.0,0.0
TR-AGR-0161,517cb43ce0,208f64f5f9,Trade Deal,0.09,206.6,0,0.0,0.0
TR-AGR-0162,517cb43ce0,b91403ddc4,Economic Alliance,0.03,329.32,0,0.0,0.0
TR-AGR-0163,d378f96d17,ff559623e3,Resource Alliance,0.06,118.79,0,0.0,0.0
TR-AGR-0164,7664b6b371,08caaac3af,Resource Alliance,0.06,136.13,0,0.0,0.0
TR-AGR-0165,7664b6b371,2c6958242d,Trade Deal,0.09,255.72,0,0.0,0.0
TR-AGR-0166,739bb87006,76c64a14d6,Resource Alliance,0.06,344.16,0,0.0,0.0
TR-AGR-0167,739bb87006,82b29167c3,Trade Deal,0.09,474.73,0,0.0,0.0
TR-AGR-0168,739bb87006,db90f4ff25,Trade Deal,0.09,207.96,0,0.0,0.0
TR-AGR-0169,8853384409,7652ec5c8d,Economic Alliance,0.03,408.36,0,0.0,0.0
TR-AGR-0170,8853384409,65ea513ebb,Resource Alliance,0.06,391.28,0,0.0,0.0
TR-AGR-0171,8853384409,06f00def5a,Resource Alliance,0.06,339.31,0,0.0,0.0
TR-AGR-0172,56cd534bb7,5a9f1f61c7,Resource Alliance,0.06,208.86,0,0.0,0.0
TR-AGR-0173,c6e77e6789,2173a01d64,Resource Alliance,0.06,154.73,0,0.0,0.0
TR-AGR-0174,ac4afd4a27,80be4440e8,Resource Alliance,0.06,134.68,0,0.0,0.0
TR-AGR-0175,778b8b68c3,2b478a564d,Economic Alliance,0.03,492.23,0,0.0,0.0
TR-AGR-0176,c5213edcba,df2217070a,Trade Deal,0.09,115.77,0,0.0,0.0
TR-AGR-0177,c1803ec34d,2c6958242d,Resource Alliance,0.06,488.42,0,0.0,0.0
TR-AGR-0178,d957806d32,3339448f7c,Trade Deal,0.09,292.42,0,0.0,0.0
TR-AGR-0179,fcda05fc4e,a7f6005fd2,Trade Deal,0.09,276.41,0,0.0,0.0
TR-AGR-0180,75a58165a0,2705d84a32,Resource Alliance,0.06,284.78,0,0.0,0.0
TR-AGR-0181,d5f12251b2,c3662e3808,Trade Deal,0.09,103.79,0,0.0,0.0
TR-AGR-0182,b4221d6e15,8e65d7f5b1,Resource Alliance,0.06,332.3,0,0.0,0.0
TR-AGR-0183,fa8159dac5,7be35390be,Resource Alliance,0.06,386.22,0,0.0,0.0
TR-AGR-0184,02e103d2b6,187eb0978f,Resource Alliance,0.06,464.14,0,0.0,0.0
TR-AGR-0185,529174abfd,a7f6005fd2,Resource Alliance,0.06,335.42,0,0.0,0.0
TR-AGR-0186,529174abfd,340ef3ab81,Resource Alliance,0.06,477.89,0,0.0,0.0
TR-AGR-0187,658cf93cc4,14c594f145,Resource Alliance,0.06,397.34,0,0.0,0.0
TR-AGR-0188,658cf93cc4,c98968025a,Economic Alliance,0.03,477.09,0,0.0,0.0
TR-AGR-0189,658cf93cc4,abb26e55dc,Economic Alliance,0.03,118.78,0,0.0,0.0
TR-AGR-0190,6a9427ac16,73cb158d41,Resource Alliance,0.06,403.3,0,0.0,0.0
TR-AGR-0191,e07661a882,556d6c2378,Resource Alliance,0.06,423.81,0,0.0,0.0
TR-AGR-0192,e07661a882,60a971a839,Economic Alliance,0.03,102.03,0,0.0,0.0
TR-AGR-0193,d340e67e88,75447b1ce9,Resource Alliance,0.06,143.79,0,0.0,0.0
TR-AGR-0194,d340e67e88,f2bbbfc167,Economic Alliance,0.03,440.48,0,0.0,0.0
TR-AGR-0195,78635879d1,47e406daef,Resource Alliance,0.06,328.53,0,0.0,0.0
TR-AGR-0196,71f4e16f01,d8145cd1f0,Resource Alliance,0.06,451.45,0,0.0,0.0
TR-AGR-0197,71f4e16f01,a31575c86a,Resource Alliance,0.06,198.11,0,0.0,0.0
TR-AGR-0198,62149b123f,df2217070a,Trade Deal,0.09,233.6,0,0.0,0.0
TR-AGR-0199,62149b123f,35390a1939,Resource Alliance,0.06,142.33,0,0.0,0.0
TR-AGR-0200,62149b123f,7f4ec7825c,Resource Alliance,0.06,163.44,0,0.0,0.0
TR-AGR-0201,4c3eb31272,35390a1939,Trade Deal,0.09,430.33,0,0.0,0.0
TR-AGR-0202,4c3eb31272,ac70f57b73,Trade Deal,0.09,397.4,0,0.0,0.0
TR-AGR-0203,ce97697488,4c8e6a8540,Resource Alliance,0.06,107.37,0,0.0,0.0
TR-AGR-0204,4df0d9ee3b,47e406daef,Trade Deal,0.09,353.05,0,0.0,0.0
TR-AGR-0205,5a236efd3f,962632e3ac,Trade Deal,0.09,169.5,0,0.0,0.0
TR-AGR-0206,5a236efd3f,dc652af4e1,Economic Alliance,0.03,383.27,0,0.0,0.0
TR-AGR-0207,1bc76d1c73,f929aa33ac,Resource Alliance,0.06,359.03,0,0.0,0.0
TR-AGR-0208,1c4722b997,32d2bbd884,Resource Alliance,0.06,408.16,0,0.0,0.0
TR-AGR-0209,1c4722b997,c7a93adf27,Trade Deal,0.09,287.42,0,0.0,0.0
TR-AGR-0210,88977397af,f9c2058d1a,Trade Deal,0.09,219.35,0,0.0,0.0
TR-AGR-0211,88977397af,5fec320399,Resource Alliance,0.06,209.3,0,0.0,0.0
TR-AGR-0212,84a3d643c9,5d6505f12a,Trade Deal,0.09,463.81,0,0.0,0.0
TR-AGR-0213,d0016e25b4,b75dce1421,Resource Alliance,0.06,112.45,0,0.0,0.0
TR-AGR-0214,2b478a564d,0e67dd57aa,Resource Alliance,0.06,163.7,0,0.0,0.0
TR-AGR-0215,2b478a564d,22b55b78e2,Resource Alliance,0.06,437.91,0,0.0,0.0
TR-AGR-0216,999c5041c4,3a375c2f6d,Resource Alliance,0.06,113.01,0,0.0,0.0
TR-AGR-0217,61397f1d85,075b3fb3b1,Economic Alliance,0.03,285.84,0,0.0,0.0
TR-AGR-0218,61397f1d85,f83f785370,Resource Alliance,0.06,216.67,0,0.0,0.0
TR-AGR-0219,61397f1d85,c87f4b2d09,Trade Deal,0.09,115.85,0,0.0,0.0
TR-AGR-0220,ca40b2e629,9875fc03a4,Trade Deal,0.09,107.35,0,0.0,0.0
TR-AGR-0221,80d9c3cc28,ce97697488,Trade Deal,0.09,476.5,0,0.0,0.0
TR-AGR-0222,bcfcfb49cf,4836a15586,Resource Alliance,0.06,133.0,0,0.0,0.0
TR-AGR-0223,9568bafb15,cd650c58ff,Trade Deal,0.09,228.84,0,0.0,0.0
TR-AGR-0224,47e406daef,b9be6a525a,Resource Alliance,0.06,480.62,0,0.0,0.0
TR-AGR-0225,096fc37df4,65ea513ebb,Trade Deal,0.09,383.62,0,0.0,0.0
TR-AGR-0226,096fc37df4,55c2a4dc5e,Economic Alliance,0.03,350.12,0,0.0,0.0
TR-AGR-0227,0ed21e60e5,5d94c085f5,Trade Deal,0.09,292.36,0,0.0,0.0
TR-AGR-0228,0ed21e60e5,82f9ee8fb4,Resource Alliance,0.06,392.64,0,0.0,0.0
TR-AGR-0229,5a9f1f61c7,8dcb447d0f,Trade Deal,0.09,346.3,0,0.0,0.0
TR-AGR-0230,5a9f1f61c7,a31575c86a,Resource Alliance,0.06,172.85,0,0.0,0.0
TR-AGR-0231,02fd90e690,6edc6616b2,Trade Deal,0.09,299.28,0,0.0,0.0
TR-AGR-0232,02fd90e690,19190c022d,Trade Deal,0.09,498.53,0,0.0,0.0
TR-AGR-0233,61550040fc,98e5a44c50,Resource Alliance,0.06,128.88,0,0.0,0.0
TR-AGR-0234,f0fcb8f048,eacab5ee97,Trade Deal,0.09,397.08,0,0.0,0.0
TR-AGR-0235,9a629191f0,c1803ec34d,Trade Deal,0.09,111.76,0,0.0,0.0
TR-AGR-0236,9a629191f0,5573af18db,Economic Alliance,0.03,460.28,0,0.0,0.0
TR-AGR-0237,33e625a829,340ef3ab81,Resource Alliance,0.06,464.95,0,0.0,0.0
TR-AGR-0238,71073d1e77,cb16d2a5bc,Trade Deal,0.09,249.14,0,0.0,0.0
TR-AGR-0239,71073d1e77,4836a15586,Resource Alliance,0.06,127.65,0,0.0,0.0
TR-AGR-0240,03fca7f787,edb45b6eec,Resource Alliance,0.06,443.19,0,0.0,0.0
TR-AGR-0241,03fca7f787,9d449a31b9,Resource Alliance,0.06,339.49,0,0.0,0.0
TR-AGR-0242,939c53fc68,996190e522,Trade Deal,0.09,194.42,0,0.0,0.0
TR-AGR-0243,98e5a44c50,075b3fb3b1,Trade Deal,0.09,242.69,0,0.0,0.0
TR-AGR-0244,98e5a44c50,5a236efd3f,Trade Deal,0.09,437.67,0,0.0,0.0
TR-AGR-0245,ee6f8a466e,62149b123f,Economic Alliance,0.03,141.32,0,0.0,0.0
TR-AGR-0246,bc259c8444,75a58165a0,Resource Alliance,0.06,489.24,0,0.0,0.0
TR-AGR-0247,bc259c8444,626215ebea,Resource Alliance,0.06,295.54,0,0.0,0.0
TR-AGR-0248,fc41667c54,f1337406a3,Trade Deal,0.09,157.42,0,0.0,0.0
TR-AGR-0249,b4e38b5ba0,3e1c9fe27e,Trade Deal,0.09,364.65,0,0.0,0.0
TR-AGR-0250,b4e38b5ba0,2640424e04,Resource Alliance,0.06,107.01,0,0.0,0.0
TR-AGR-0251,ed8eb43829,111ab1a74e,Economic Alliance,0.03,418.2,0,0.0,0.0
TR-AGR-0252,c4d87c45ee,4e674c46b8,Resource Alliance,0.06,330.87,0,0.0,0.0
TR-AGR-0253,c4d87c45ee,8e65d7f5b1,Economic Alliance,0.03,119.28,0,0.0,0.0
TR-AGR-0254,62a7129a59,63f01adf18,Trade Deal,0.09,400.97,0,0.0,0.0
TR-AGR-0255,1e3994853e,81601b2e5e,Resource Alliance,0.06,451.41,0,0.0,0.0
TR-AGR-0256,75912c8e4c,d401178af2,Economic Alliance,0.03,325.38,0,0.0,0.0
TR-AGR-0257,d07bc4ae63,b7f420628f,Trade Deal,0.09,318.27,0,0.0,0.0
TR-AGR-0258,d07bc4ae63,e13216033f,Economic Alliance,0.03,347.8,0,0.0,0.0
TR-AGR-0259,9696ce2491,2c89a9e0dc,Resource Alliance,0.06,291.67,0,0.0,0.0
TR-AGR-0260,7036dbff3e,80d9c3cc28,Trade Deal,0.09,252.08,0,0.0,0.0
TR-AGR-0261,c98968025a,762d1b3438,Resource Alliance,0.06,313.44,0,0.0,0.0
TR-AGR-0262,c98968025a,8196db66b3,Trade Deal,0.09,319.77,0,0.0,0.0
TR-AGR-0263,9d449a31b9,0ad458611c,Trade Deal,0.09,178.31,0,0.0,0.0
TR-AGR-0264,12f8de3472,f27ca4fefa,Economic Alliance,0.03,124.11,0,0.0,0.0
TR-AGR-0265,55c2a4dc5e,28728de334,Resource Alliance,0.06,368.04,0,0.0,0.0
TR-AGR-0266,55c2a4dc5e,71d820677a,Trade Deal,0.09,332.37,0,0.0,0.0
TR-AGR-0267,3779c3fe76,4836a15586,Economic Alliance,0.03,265.42,0,0.0,0.0
TR-AGR-0268,63803c4eb1,6657429a7c,Resource Alliance,0.06,310.07,0,0.0,0.0
TR-AGR-0269,63803c4eb1,a189e2924d,Resource Alliance,0.06,417.36,0,0.0,0.0
TR-AGR-0270,63803c4eb1,927dbfac0b,Resource Alliance,0.06,485.17,0,0.0,0.0
TR-AGR-0271,20dcee6871,c6e77e6789,Resource Alliance,0.06,480.56,0,0.0,0.0
TR-AGR-0272,53856bd8ca,c4f121b6c1,Resource Alliance,0.06,407.98,0,0.0,0.0
TR-AGR-0273,da38a63176,8bd71d17f7,Resource Alliance,0.06,209.92,0,0.0,0.0
TR-AGR-0274,8196db66b3,77811a2fa9,Resource Alliance,0.06,367.02,0,0.0,0.0
TR-AGR-0275,8196db66b3,ee9099d9b7,Economic Alliance,0.03,167.21,0,0.0,0.0
TR-AGR-0276,f004cb791e,6657429a7c,Trade Deal,0.09,138.29,0,0.0,0.0
TR-AGR-0277,f004cb791e,22091a7056,Resource Alliance,0.06,355.18,0,0.0,0.0
TR-AGR-0278,15955262e1,72196fa906,Economic Alliance,0.03,298.71,0,0.0,0.0
TR-AGR-0279,7dc225fd37,2e4e7545f5,Trade Deal,0.09,376.97,0,0.0,0.0
TR-AGR-0280,7dc225fd37,cd3cb2af45,Resource Alliance,0.06,141.64,0,0.0,0.0
TR-AGR-0281,373ea01e5c,e99c95009e,Trade Deal,0.09,209.66,0,0.0,0.0
TR-AGR-0282,17fee1a6ac,f714a79195,Resource Alliance,0.06,346.86,0,0.0,0.0
TR-AGR-0283,dffeed89fb,7e5521abbb,Trade Deal,0.09,316.0,0,0.0,0.0
TR-AGR-0284,cd3cb2af45,460d2edc1f,Resource Alliance,0.06,313.18,0,0.0,0.0
TR-AGR-0285,5d262aaec3,9696ce2491,Trade Deal,0.09,233.43,0,0.0,0.0
TR-AGR-0286,db6da7e17a,8f64eb0a84,Resource Alliance,0.06,484.67,0,0.0,0.0
TR-AGR-0287,db6da7e17a,176da50470,Trade Deal,0.09,180.37,0,0.0,0.0
TR-AGR-0288,73573955bb,8e65d7f5b1,Trade Deal,0.09,402.47,0,0.0,0.0
TR-AGR-0289,f2bbbfc167,3ba7df6ae1,Trade Deal,0.09,259.73,0,0.0,0.0
TR-AGR-0290,f2bbbfc167,b53d4251d2,Trade Deal,0.09,137.17,0,0.0,0.0
TR-AGR-0291,f929aa33ac,18daa88e4f,Resource Alliance,0.06,151.09,0,0.0,0.0
TR-AGR-0292,f929aa33ac,f004cb791e,Resource Alliance,0.06,163.72,0,0.0,0.0
TR-AGR-0293,28d83c4b42,7be35390be,Trade Deal,0.09,205.25,0,0.0,0.0
TR-AGR-0294,0ddd78edbb,83775e646f,Economic Alliance,0.03,258.79,0,0.0,0.0
TR-AGR-0295,d7ec4d3018,8bd71d17f7,Economic Alliance,0.03,164.71,0,0.0,0.0
TR-AGR-0296,adc1c77061,a425d5c923,Trade Deal,0.09,426.98,0,0.0,0.0
TR-AGR-0297,adc1c77061,df2f64c1a1,Trade Deal,0.09,388.57,0,0.0,0.0
TR-AGR-0298,df2f64c1a1,2ed96a351c,Trade Deal,0.09,225.49,0,0.0,0.0
TR-AGR-0299,f27ca4fefa,da38a63176,Economic Alliance,0.03,405.92,0,0.0,0.0
TR-AGR-0300,4164b650a3,11452e96e6,Resource Alliance,0.06,485.25,0,0.0,0.0
TR-AGR-0301,7ba9deb67e,176da50470,Economic Alliance,0.03,356.33,0,0.0,0.0
TR-AGR-0302,7135e43d15,1e3994853e,Trade Deal,0.09,218.94,0,0.0,0.0
TR-AGR-0303,c87f4b2d09,4a9574c523,Resource Alliance,0.06,362.29,0,0.0,0.0
TR-AGR-0304,c59e7444f5,3557fb1c6f,Resource Alliance,0.06,416.84,0,0.0,0.0
TR-AGR-0305,111ab1a74e,43cb04ad80,Trade Deal,0.09,107.68,0,0.0,0.0
TR-AGR-0306,41e5776038,ac4afd4a27,Trade Deal,0.09,248.56,0,0.0,0.0
TR-AGR-0307,11c4291fc3,41a9345e47,Trade Deal,0.09,150.88,0,0.0,0.0
TR-AGR-0308,c8c30fa0a1,35b25d7eaf,Trade Deal,0.09,283.78,0,0.0,0.0
TR-AGR-0309,cbdac2fac3,f2bbbfc167,Resource Alliance,0.06,254.54,0,0.0,0.0
TR-AGR-0310,9891e1dd90,460d2edc1f,Economic Alliance,0.03,455.76,0,0.0,0.0
TR-AGR-0311,9891e1dd90,fce0550f04,Resource Alliance,0.06,394.97,0,0.0,0.0
TR-AGR-0312,cc71651dca,57733c8324,Trade Deal,0.09,114.23,0,0.0,0.0
TR-AGR-0313,b7f420628f,61550040fc,Trade Deal,0.09,218.61,0,0.0,0.0
TR-AGR-0314,1a2a63b5eb,23979e6a05,Resource Alliance,0.06,139.36,0,0.0,0.0
TR-AGR-0315,9eeb4737e9,c45231c414,Economic Alliance,0.03,182.27,0,0.0,0.0
TR-AGR-0316,8e17c1b492,f27ca4fefa,Economic Alliance,0.03,127.7,0,0.0,0.0
TR-AGR-0317,52be76d999,53856bd8ca,Trade Deal,0.09,399.23,0,0.0,0.0
TR-AGR-0318,2d148d0e47,61dc46303f,Economic Alliance,0.03,248.87,0,0.0,0.0
TR-AGR-0319,a4eac32597,e1c4b2ed14,Trade Deal,0.09,471.33,0,0.0,0.0
TR-AGR-0320,a4eac32597,c6e77e6789,Trade Deal,0.09,454.77,0,0.0,0.0
TR-AGR-0321,a4eac32597,28100766c8,Trade Deal,0.09,226.77,0,0.0,0.0
TR-AGR-0322,a9283be55d,9dbca7c528,Resource Alliance,0.06,228.02,0,0.0,0.0
TR-AGR-0323,a9283be55d,f0ada7121c,Trade Deal,0.09,391.18,0,0.0,0.0
TR-AGR-0324,27d9c8dc46,b6e89e8b4d,Economic Alliance,0.03,427.11,0,0.0,0.0
TR-AGR-0325,27d9c8dc46,53dc64803e,Resource Alliance,0.06,436.28,0,0.0,0.0
TR-AGR-0326,2c89a9e0dc,66d46fcd47,Trade Deal,0.09,336.14,0,0.0,0.0
TR-AGR-0327,c45231c414,b7069c3852,Trade Deal,0.09,330.87,0,0.0,0.0
TR-AGR-0328,c5f014b287,ed45fe3a8d,Trade Deal,0.09,375.15,0,0.0,0.0
TR-AGR-0329,8d88177d24,22c13af7a1,Resource Alliance,0.06,114.12,0,0.0,0.0
TR-AGR-0330,0187c7d64a,9568bafb15,Economic Alliance,0.03,300.82,0,0.0,0.0
TR-AGR-0331,189d8d8d1b,0b6029ea29,Trade Deal,0.09,365.22,0,0.0,0.0
TR-AGR-0332,189d8d8d1b,82b29167c3,Resource Alliance,0.06,347.84,0,0.0,0.0
TR-AGR-0333,d427d38a9f,ee951bbfab,Economic Alliance,0.03,324.59,0,0.0,0.0
TR-AGR-0334,d427d38a9f,0fa7096d5a,Trade Deal,0.09,339.75,0,0.0,0.0
TR-AGR-0335,f1337406a3,3339448f7c,Resource Alliance,0.06,228.84,0,0.0,0.0
TR-AGR-0336,f1337406a3,8e17c1b492,Trade Deal,0.09,233.7,0,0.0,0.0
TR-AGR-0337,f1337406a3,243eff68e3,Trade Deal,0.09,430.05,0,0.0,0.0
TR-AGR-0338,ecbe2dc98a,7bf42c3a49,Resource Alliance,0.06,394.2,0,0.0,0.0
TR-AGR-0339,ecbe2dc98a,cd650c58ff,Economic Alliance,0.03,393.45,0,0.0,0.0
TR-AGR-0340,fce0550f04,3a3695c8e9,Economic Alliance,0.03,395.99,0,0.0,0.0
TR-AGR-0341,8c80ad65b6,8a78a0e229,Resource Alliance,0.06,476.27,0,0.0,0.0
TR-AGR-0342,8c80ad65b6,2705d84a32,Trade Deal,0.09,190.22,0,0.0,0.0
TR-AGR-0343,8c80ad65b6,db90f4ff25,Resource Alliance,0.06,292.36,0,0.0,0.0
TR-AGR-0344,24e153416d,77811a2fa9,Resource Alliance,0.06,163.56,0,0.0,0.0
TR-AGR-0345,38ade68c1e,9aa2eff7c3,Trade Deal,0.09,105.36,0,0.0,0.0
TR-AGR-0346,fadaa4a404,85aec51e58,Economic Alliance,0.03,126.15,0,0.0,0.0
TR-AGR-0347,fadaa4a404,c87f4b2d09,Resource Alliance,0.06,238.37,0,0.0,0.0
TR-AGR-0348,de8a7cab3b,4c3eb31272,Trade Deal,0.09,431.15,0,0.0,0.0
TR-AGR-0349,5573af18db,5d94c085f5,Trade Deal,0.09,361.67,0,0.0,0.0
TR-AGR-0350,bee1d78260,63f01adf18,Resource Alliance,0.06,267.2,0,0.0,0.0
TR-AGR-0351,2a8b6fc81d,27d9c8dc46,Trade Deal,0.09,145.91,0,0.0,0.0
TR-AGR-0352,2320636026,23979e6a05,Resource Alliance,0.06,127.07,0,0.0,0.0
TR-AGR-0353,e976b29c9d,75447b1ce9,Economic Alliance,0.03,271.45,0,0.0,0.0
TR-AGR-0354,303a3df484,984d4d4161,Resource Alliance,0.06,124.91,0,0.0,0.0
TR-AGR-0355,303a3df484,182edcdd37,Resource Alliance,0.06,242.39,0,0.0,0.0
TR-AGR-0356,303a3df484,e23dc5e375,Economic Alliance,0.03,298.9,0,0.0,0.0
TR-AGR-0357,08caaac3af,28728de334,Resource Alliance,0.06,400.29,0,0.0,0.0
TR-AGR-0358,08caaac3af,1cf19da3a9,Economic Alliance,0.03,126.08,0,0.0,0.0
TR-AGR-0359,c2fe0ab024,6ebb371c3c,Resource Alliance,0.06,410.24,0,0.0,0.0
TR-AGR-0360,91474e8269,76c64a14d6,Economic Alliance,0.03,357.07,0,0.0,0.0
TR-AGR-0361,32d2bbd884,7bf42c3a49,Resource Alliance,0.06,378.36,0,0.0,0.0
TR-AGR-0362,f343101fe6,cf1fb521d7,Trade Deal,0.09,339.25,0,0.0,0.0
TR-AGR-0363,f343101fe6,22b55b78e2,Trade Deal,0.09,160.84,0,0.0,0.0
TR-AGR-0364,fc241018ec,5f5ebcf2f5,Trade Deal,0.09,353.87,0,0.0,0.0
TR-AGR-0365,fc241018ec,c98968025a,Trade Deal,0.09,164.89,0,0.0,0.0
TR-AGR-0366,2c6958242d,de8a7cab3b,Resource Alliance,0.06,429.18,0,0.0,0.0
TR-AGR-0367,7ec564c9db,2ed96a351c,Resource Alliance,0.06,243.12,0,0.0,0.0
TR-AGR-0368,2e4e7545f5,15474381ae,Trade Deal,0.09,430.39,0,0.0,0.0
TR-AGR-0369,2e4e7545f5,3b106fa102,Trade Deal,0.09,156.79,0,0.0,0.0
TR-AGR-0370,f9c2058d1a,c8c30fa0a1,Resource Alliance,0.06,345.51,0,0.0,0.0
TR-AGR-0371,28100766c8,e6f9f9e411,Trade Deal,0.09,150.51,0,0.0,0.0
TR-AGR-0372,bbf8578e8c,6dfc531f16,Trade Deal,0.09,372.67,0,0.0,0.0
TR-AGR-0373,8478dfd6f7,71efb681fc,Economic Alliance,0.03,377.66,0,0.0,0.0
TR-AGR-0374,b12b67a0db,7419a59432,Resource Alliance,0.06,361.27,0,0.0,0.0
TR-AGR-0375,28728de334,764f599826,Trade Deal,0.09,190.69,0,0.0,0.0
TR-AGR-0376,28728de334,2c89a9e0dc,Resource Alliance,0.06,265.1,0,0.0,0.0
TR-AGR-0377,5d6505f12a,e1c4b2ed14,Trade Deal,0.09,395.96,0,0.0,0.0
TR-AGR-0378,5d6505f12a,8bd71d17f7,Trade Deal,0.09,383.08,0,0.0,0.0
TR-AGR-0379,2c64149009,7dc225fd37,Resource Alliance,0.06,107.2,0,0.0,0.0
TR-AGR-0380,2c64149009,27d9c8dc46,Economic Alliance,0.03,323.67,0,0.0,0.0
TR-AGR-0381,ed45fe3a8d,0130446f7e,Trade Deal,0.09,316.28,0,0.0,0.0
TR-AGR-0382,43cb04ad80,6edc6616b2,Economic Alliance,0.03,397.28,0,0.0,0.0
TR-AGR-0383,43cb04ad80,4836a15586,Resource Alliance,0.06,312.53,0,0.0,0.0
TR-AGR-0384,3a375c2f6d,1cf19da3a9,Trade Deal,0.09,271.67,0,0.0,0.0
TR-AGR-0385,3a375c2f6d,63803c4eb1,Resource Alliance,0.06,329.34,0,0.0,0.0
TR-AGR-0386,3c196b299c,c1cc584fd5,Trade Deal,0.09,395.03,0,0.0,0.0
TR-AGR-0387,862f6cbc45,c87f4b2d09,Trade Deal,0.09,226.78,0,0.0,0.0
TR-AGR-0388,862f6cbc45,9875fc03a4,Resource Alliance,0.06,155.01,0,0.0,0.0
TR-AGR-0389,9883f23173,d2748466c9,Trade Deal,0.09,342.84,0,0.0,0.0
TR-AGR-0390,22c13af7a1,622de7102b,Resource Alliance,0.06,488.31,0,0.0,0.0
TR-AGR-0391,22c13af7a1,e07661a882,Trade Deal,0.09,493.54,0,0.0,0.0
TR-AGR-0392,60a971a839,b12b67a0db,Economic Alliance,0.03,232.54,0,0.0,0.0
TR-AGR-0393,60a971a839,df2f64c1a1,Resource Alliance,0.06,336.35,0,0.0,0.0
TR-AGR-0394,e941b86692,a425d5c923,Resource Alliance,0.06,433.33,0,0.0,0.0
TR-AGR-0395,8dcb447d0f,1b37c066da,Trade Deal,0.09,187.4,0,0.0,0.0
TR-AGR-0396,0130446f7e,f7a8fcf1b2,Trade Deal,0.09,346.83,0,0.0,0.0
TR-AGR-0397,d1ebd8161b,c8c30fa0a1,Resource Alliance,0.06,329.91,0,0.0,0.0
TR-AGR-0398,d056d7ce4a,82f9ee8fb4,Trade Deal,0.09,257.83,0,0.0,0.0
TR-AGR-0399,74136dc7b0,c5f014b287,Economic Alliance,0.03,368.38,0,0.0,0.0
TR-AGR-0400,74136dc7b0,03fca7f787,Trade Deal,0.09,387.37,0,0.0,0.0
TR-AGR-0401,61dc46303f,e6f9f9e411,Trade Deal,0.09,203.04,0,0.0,0.0
TR-AGR-0402,8fbf42f886,2ed96a351c,Resource Alliance,0.06,282.49,0,0.0,0.0
TR-AGR-0403,622de7102b,4c67325ea2,Economic Alliance,0.03,455.22,0,0.0,0.0
TR-AGR-0404,f7bd18e491,6c40e5c997,Trade Deal,0.09,168.74,0,0.0,0.0
TR-AGR-0405,ff559623e3,20dcee6871,Resource Alliance,0.06,133.76,0,0.0,0.0
TR-AGR-0406,a38e0777cd,15474381ae,Resource Alliance,0.06,186.42,0,0.0,0.0
TR-AGR-0407,a38e0777cd,556d6c2378,Trade Deal,0.09,360.92,0,0.0,0.0
TR-AGR-0408,a38e0777cd,f2bbbfc167,Trade Deal,0.09,440.74,0,0.0,0.0
TR-AGR-0409,4c2540c708,b9ec32251d,Economic Alliance,0.03,444.7,0,0.0,0.0
TR-AGR-0410,4c2540c708,243eff68e3,Resource Alliance,0.06,428.97,0,0.0,0.0
TR-AGR-0411,4c2540c708,a1d0ea467a,Economic Alliance,0.03,403.74,0,0.0,0.0
TR-AGR-0412,b7069c3852,dc0074adc3,Economic Alliance,0.03,104.92,0,0.0,0.0
TR-AGR-0413,b7069c3852,5087e1422a,Trade Deal,0.09,249.82,0,0.0,0.0
TR-AGR-0414,b7069c3852,b9c3618013,Trade Deal,0.09,358.3,0,0.0,0.0
TR-AGR-0415,81714ff4c3,95985a8620,Economic Alliance,0.03,478.66,0,0.0,0.0
TR-AGR-0416,f3f5dfde4c,71d820677a,Economic Alliance,0.03,251.56,0,0.0,0.0
TR-AGR-0417,f3f5dfde4c,41e5776038,Resource Alliance,0.06,342.31,0,0.0,0.0
TR-AGR-0418,e12feef736,37b8da7a55,Economic Alliance,0.03,323.88,0,0.0,0.0
TR-AGR-0419,fba15f0324,81714ff4c3,Economic Alliance,0.03,485.61,0,0.0,0.0
TR-AGR-0420,350e107aae,7f4ec7825c,Resource Alliance,0.06,265.66,0,0.0,0.0
TR-AGR-0421,22091a7056,2705d84a32,Trade Deal,0.09,249.92,0,0.0,0.0
TR-AGR-0422,03d3903c7c,6c40e5c997,Resource Alliance,0.06,342.75,0,0.0,0.0
TR-AGR-0423,459f704847,c2fe0ab024,Resource Alliance,0.06,242.47,0,0.0,0.0
TR-AGR-0424,459f704847,5573af18db,Trade Deal,0.09,170.87,0,0.0,0.0
TR-AGR-0425,575810e85b,7c376afd56,Trade Deal,0.09,432.28,0,0.0,0.0
TR-AGR-0426,182edcdd37,b1f20b8a8c,Trade Deal,0.09,499.89,0,0.0,0.0
TR-AGR-0427,7e5521abbb,73cb158d41,Trade Deal,0.09,113.78,0,0.0,0.0
TR-AGR-0428,b9ec32251d,762d1b3438,Economic Alliance,0.03,335.49,0,0.0,0.0
TR-AGR-0429,b9ec32251d,2d7a6c7193,Resource Alliance,0.06,325.08,0,0.0,0.0
TR-AGR-0430,7c376afd56,d1ebd8161b,Resource Alliance,0.06,467.49,0,0.0,0.0
TR-AGR-0431,7c376afd56,dc652af4e1,Resource Alliance,0.06,492.3,0,0.0,0.0
TR-AGR-0432,7c376afd56,642e75a08d,Resource Alliance,0.06,405.81,0,0.0,0.0
TR-AGR-0433,0cb785b3d6,c2fe0ab024,Trade Deal,0.09,498.45,0,0.0,0.0
TR-AGR-0434,0cb785b3d6,2c89a9e0dc,Resource Alliance,0.06,124.98,0,0.0,0.0
TR-AGR-0435,0cb785b3d6,4164b650a3,Economic Alliance,0.03,112.32,0,0.0,0.0
TR-AGR-0436,7bf42c3a49,658cf93cc4,Resource Alliance,0.06,405.04,0,0.0,0.0
TR-AGR-0437,7bf42c3a49,bb1351012f,Resource Alliance,0.06,377.01,0,0.0,0.0
TR-AGR-0438,7bf42c3a49,7135e43d15,Trade Deal,0.09,243.49,0,0.0,0.0
TR-AGR-0439,c3b1779520,8853384409,Trade Deal,0.09,184.28,0,0.0,0.0
TR-AGR-0440,c3b1779520,80be4440e8,Trade Deal,0.09,499.13,0,0.0,0.0
TR-AGR-0441,37a4cea3d7,a987357567,Resource Alliance,0.06,105.73,0,0.0,0.0
TR-AGR-0442,37a4cea3d7,d401178af2,Trade Deal,0.09,353.16,0,0.0,0.0
TR-AGR-0443,57733c8324,3c196b299c,Economic Alliance,0.03,406.45,0,0.0,0.0
TR-AGR-0444,57733c8324,76c64a14d6,Resource Alliance,0.06,141.76,0,0.0,0.0
TR-AGR-0445,467216187a,3779c3fe76,Trade Deal,0.09,212.13,0,0.0,0.0
TR-AGR-0446,467216187a,c98968025a,Resource Alliance,0.06,239.53,0,0.0,0.0
TR-AGR-0447,e00bc2a5e5,ac4afd4a27,Trade Deal,0.09,482.05,0,0.0,0.0
TR-AGR-0448,792f609a6f,095464621d,Trade Deal,0.09,212.4,0,0.0,0.0
TR-AGR-0449,b9c3618013,5fec320399,Trade Deal,0.09,108.81,0,0.0,0.0
TR-AGR-0450,b9c3618013,3557fb1c6f,Resource Alliance,0.06,190.41,0,0.0,0.0
TR-AGR-0451,b9c3618013,f0fcb8f048,Trade Deal,0.09,113.47,0,0.0,0.0
TR-AGR-0452,3aa8ce54ee,5d262aaec3,Trade Deal,0.09,301.23,0,0.0,0.0
TR-AGR-0453,764f599826,4e674c46b8,Resource Alliance,0.06,321.0,0,0.0,0.0
TR-AGR-0454,83c39baf65,2640424e04,Resource Alliance,0.06,452.8,0,0.0,0.0
TR-AGR-0455,83c39baf65,b4e38b5ba0,Economic Alliance,0.03,260.98,0,0.0,0.0
TR-AGR-0456,f0f8b2423b,35e0e185b7,Trade Deal,0.09,140.76,0,0.0,0.0
TR-AGR-0457,83775e646f,b75dce1421,Resource Alliance,0.06,415.57,0,0.0,0.0
TR-AGR-0458,83775e646f,b619dd5fb5,Resource Alliance,0.06,250.93,0,0.0,0.0
TR-AGR-0459,2ed96a351c,f03d90fb8f,Trade Deal,0.09,472.07,0,0.0,0.0
TR-AGR-0460,c1cc584fd5,4a9574c523,Trade Deal,0.09,404.42,0,0.0,0.0
TR-AGR-0461,c1cc584fd5,15955262e1,Resource Alliance,0.06,477.59,0,0.0,0.0
TR-AGR-0462,80ce70725d,74136dc7b0,Trade Deal,0.09,446.33,0,0.0,0.0
TR-AGR-0463,f61290c372,d378f96d17,Economic Alliance,0.03,452.06,0,0.0,0.0
TR-AGR-0464,71efb681fc,77811a2fa9,Trade Deal,0.09,257.89,0,0.0,0.0
TR-AGR-0465,13b6f1c19c,23979e6a05,Resource Alliance,0.06,258.05,0,0.0,0.0
TR-AGR-0466,13b6f1c19c,82b29167c3,Resource Alliance,0.06,456.09,0,0.0,0.0
TR-AGR-0467,ee9099d9b7,4e674c46b8,Trade Deal,0.09,434.19,0,0.0,0.0
TR-AGR-0468,38d523ac80,8a41c4ac34,Trade Deal,0.09,435.31,0,0.0,0.0
TR-AGR-0469,4bf29f7756,20dcee6871,Trade Deal,0.09,389.94,0,0.0,0.0
TR-AGR-0470,4bf29f7756,556d6c2378,Economic Alliance,0.03,224.75,0,0.0,0.0
TR-AGR-0471,8a78a0e229,8bc980ecf5,Economic Alliance,0.03,150.22,0,0.0,0.0
TR-AGR-0472,8a78a0e229,75a58165a0,Resource Alliance,0.06,253.03,0,0.0,0.0
TR-AGR-0473,8a78a0e229,f0fcb8f048,Trade Deal,0.09,206.23,0,0.0,0.0
TR-AGR-0474,5fec320399,187eb0978f,Trade Deal,0.09,307.18,0,0.0,0.0
TR-AGR-0475,0a6e8b3547,0ed21e60e5,Economic Alliance,0.03,318.79,0,0.0,0.0
TR-AGR-0476,0a6e8b3547,55c2a4dc5e,Resource Alliance,0.06,259.2,0,0.0,0.0
TR-AGR-0477,8bc980ecf5,b7069c3852,Trade Deal,0.09,289.36,0,0.0,0.0
TR-AGR-0478,b6d872712f,1b37c066da,Economic Alliance,0.03,348.97,0,0.0,0.0
TR-AGR-0479,b6d872712f,8a78a0e229,Economic Alliance,0.03,354.38,0,0.0,0.0
TR-AGR-0480,7c40c9ebf8,fadaa4a404,Resource Alliance,0.06,203.96,0,0.0,0.0
TR-AGR-0481,7c40c9ebf8,a425d5c923,Resource Alliance,0.06,234.94,0,0.0,0.0
TR-AGR-0482,7c40c9ebf8,b2c9872c2d,Resource Alliance,0.06,456.06,0,0.0,0.0
TR-AGR-0483,20af608f42,38d523ac80,Trade Deal,0.09,483.17,0,0.0,0.0
TR-AGR-0484,f03d90fb8f,2b4452e77b,Trade Deal,0.09,130.5,0,0.0,0.0
TR-AGR-0485,f03d90fb8f,4164b650a3,Economic Alliance,0.03,283.87,0,0.0,0.0
TR-AGR-0486,123f4d1fb7,9a629191f0,Resource Alliance,0.06,417.26,0,0.0,0.0
TR-AGR-0487,15474381ae,fadaa4a404,Resource Alliance,0.06,143.56,0,0.0,0.0
TR-AGR-0488,15474381ae,3c983bfdab,Resource Alliance,0.06,384.69,0,0.0,0.0
TR-AGR-0489,15474381ae,1b37c066da,Economic Alliance,0.03,203.82,0,0.0,0.0
TR-AGR-0490,f7ed0ea8ba,c98968025a,Trade Deal,0.09,242.02,0,0.0,0.0
TR-AGR-0491,176da50470,d2f4557294,Economic Alliance,0.03,490.92,0,0.0,0.0
TR-AGR-0492,f83f785370,ebda9e7b67,Resource Alliance,0.06,366.64,0,0.0,0.0
TR-AGR-0493,85aec51e58,2211d3100d,Resource Alliance,0.06,242.81,0,0.0,0.0
TR-AGR-0494,85aec51e58,a1d0ea467a,Trade Deal,0.09,118.42,0,0.0,0.0
TR-AGR-0495,4c224c8349,62a7129a59,Resource Alliance,0.06,391.54,0,0.0,0.0
TR-AGR-0496,4c224c8349,f4a721a47f,Trade Deal,0.09,111.67,0,0.0,0.0
TR-AGR-0497,37270686ec,b4e38b5ba0,Trade Deal,0.09,497.3,0,0.0,0.0
TR-AGR-0498,b9be6a525a,415811daec,Economic Alliance,0.03,256.98,0,0.0,0.0
